Fecha,Real,Predicción
2024-01-02,6912.758333295,10958.902818498618
2024-01-03,7231.408333293,12624.02904358988
2024-01-04,9162.391666619,14083.665708206117
2024-01-05,10188.858333293,13432.734604805662
2024-01-06,9377.499999959,12778.788924846162
2024-01-07,14835.09999993,14330.821305336705
2024-01-09,14937.366666613,12172.289986270345
2024-01-10,8763.441666638,13225.35232130994
2024-01-11,10513.416666647,13578.20699050676
2024-01-12,8735.04999998,13121.49537082808
2024-01-13,11261.291666637,12696.350818510036
2024-01-14,11925.358333321,14796.668589282526
2024-01-16,9127.641666642001,11495.905197067446
2024-01-17,10450.149999978,12872.895022627485
2024-01-18,10616.058333332,12982.229052621755
2024-01-19,10137.849999978,15091.248550819406
2024-01-20,10870.249999964,13510.610976758773
2024-01-21,10797.833333266999,14559.880552333541
2024-01-23,8808.449999952,12217.66637283337
2024-01-24,10125.366666606,13663.767206358365
2024-01-25,11971.116666631,14079.965632530118
2024-01-26,8938.174999962,14807.046513968238
2024-01-27,12337.608333267,14489.103062426828
2024-01-28,13912.958333277,15105.61934717226
2024-01-30,11124.366666572,12653.711003300486
2024-01-31,12277.183333276,13455.544842170133
2024-02-01,9409.166666627,14236.64062746586
2024-02-02,8504.624999987,14398.419467465219
2024-02-03,8566.808333295,14857.41506800241
2024-02-04,11819.333333289,15094.751335030338
2024-02-06,10088.483333313,10179.343689409397
2024-02-07,10520.333333253,10828.161771528492
2024-02-08,13845.883333286,11428.269843903801
2024-02-09,11998.624999907,10340.415802823973
2024-02-10,15513.758333296,12638.635324984689
2024-02-11,14137.666666613,12633.89748364948
2024-02-13,8787.67499997,10556.251838262839
2024-02-14,13162.04999994,11154.583454376885
2024-02-15,12889.399999975,12618.10396029311
2024-02-16,10856.574999923,11446.819250950863
2024-02-17,11372.483333275,13437.19187436864
2024-02-18,13074.43333331,13606.748883645007
2024-02-20,9810.716666587,11195.323107928054
2024-02-21,12502.249999954,12179.488746353234
2024-02-22,16331.399999939,11919.712067445274
2024-02-23,13274.441666618,11206.352376771525
2024-02-24,15841.65833326,13154.909663288032
2024-02-25,15713.441666571,13975.849632517029
2024-02-27,12312.574999923,12974.732523151064
2024-02-28,14103.708333241,13120.678358072166
2024-03-01,10742.916666661,12709.77158251399
2024-03-02,10174.091666631,12676.616916540992
2024-03-03,10202.199999987,14195.673415138088
2024-03-04,12381.816666651,12612.773156877156
2024-03-06,9585.633333301,11355.847840499495
2024-03-07,16067.891666642,11965.10164244786
2024-03-08,18501.591666647,12272.18278562974
2024-03-09,13342.250000013999,11986.981411332228
2024-03-10,14272.474999976,13032.634455933441
2024-03-11,15093.833333319,12335.578191833712
2024-03-13,10750.441666629,11031.96517213445
2024-03-14,14170.633333299,13355.745720392857
2024-03-15,9940.791666646,12290.011873954136
2024-03-16,12644.349999961,13460.989663275694
2024-03-17,20155.616666586,13304.210623942428
2024-03-18,16461.024999946,12565.757633673165
2024-03-20,21265.941666607,11513.721588565557
2024-03-21,13950.249999984,12829.506497994591
2024-03-22,13330.458333286,12741.134271447043
2024-03-23,10642.699999974,12264.948476088979
2024-03-24,12869.566666585,12975.553785486194
2024-03-25,13092.749999958,12694.057163830865
2024-03-27,9006.066666661,12178.379060423667
2024-03-28,17560.333333342,14835.451729829289
2024-03-29,15532.84999997,13359.851729494192
2024-03-30,12915.483333343,13775.608637486479
2024-03-31,12785.874999974,13596.31927251098
2024-04-01,11648.29166665,11700.074479428156
2024-04-03,9293.67499999,10477.264307370548
2024-04-04,13220.083333324,11520.307027862083
2024-04-05,18407.591666617,10968.063005313603
2024-04-06,12492.308333304,11352.382590661111
2024-04-08,18682.333333312,10711.36134263884
2024-04-10,18505.408333307,10509.048253323692
2024-04-11,17921.391666637,10920.15839794455
2024-04-12,19602.166666622,11668.433246229175
2024-04-13,13616.166666616,11048.079065583766
2024-04-14,13463.366666617,11375.143077584911
2024-04-15,16814.499999957,10850.242869337382
2024-04-17,9594.549999961,10698.386756866279
2024-04-18,12785.233333331,10725.978127958759
2024-04-19,14694.208333271,12379.245620588661
2024-04-20,13201.966666641,13684.539638239761
2024-04-21,15055.449999969,12921.960818703948
2024-04-22,15573.199999962,14083.275570342144
2024-04-24,10115.5583333,12997.621530658767
2024-04-25,11201.049999968,12769.891968063079
2024-04-26,15542.574999963,14112.195446977019
2024-04-27,11103.491666616,13395.438103519744
2024-04-28,12751.291666554,13213.036267453248
2024-04-29,13135.174999951,12151.183378135454
2024-05-02,9691.883333328,11852.693540822354
2024-05-03,12257.866666676,11441.021743293444
2024-05-04,12000.949999983,11050.73331911701
2024-05-05,19213.09166661,11598.66452657807
2024-05-06,16497.741666641,10902.0707732955
2024-05-08,13493.908333277,10388.340197162288
2024-05-09,11910.233333263,10155.115686133287
2024-05-10,12499.816666663,10193.00475404124
2024-05-11,9879.591666661,11355.865776227192
2024-05-12,12151.991666659,12223.795756080941
2024-05-13,13842.991666662,11831.446709306709
2024-05-15,8664.699999984,11709.436331247938
2024-05-16,11739.374999989,10727.894203403735
2024-05-17,12266.549999964,11123.328016026568
2024-05-18,9196.966666627999,10849.758642295601
2024-05-19,11853.691666675,10642.154152209545
2024-05-20,12429.783333324,10479.608283955307
2024-05-22,9877.366666667,10598.002593603911
2024-05-23,10746.416666656,11256.245187662862
2024-05-24,12766.741666665,11684.57621233777
2024-05-25,9799.916666654999,11546.975868835845
2024-05-26,10401.599999982,12448.40904542416
2024-05-27,12062.199999978,10773.339609184053
2024-05-29,7990.474999992,10879.500944425376
2024-05-30,9377.716666643,10804.500636305209
2024-05-31,9465.149999994,11545.514828979463
2024-06-01,7142.566666666,10201.14648092874
2024-06-02,8624.824999995,12105.015847068384
2024-06-03,9917.708333332,11045.16146950756
2024-06-05,7771.599999992,9620.610991621757
2024-06-06,9524.049999981,11566.07885062118
2024-06-07,13792.766666644,11546.593587958769
2024-06-08,13546.841666637,11013.472921901666
2024-06-09,11894.149999976,12250.664345118614
2024-06-10,12223.274999975,11109.948105987709
2024-06-12,11193.541666639,9344.6790273901
2024-06-13,10989.866666652,10785.319239131912
2024-06-14,13316.51666663,11311.910392114707
2024-06-15,9023.841666659,11067.735894022708
2024-06-16,9020.908333327001,12198.879282769884
2024-06-17,11616.024999994,10377.561258825268
2024-06-19,7969.158333322,9197.914421570891
2024-06-20,9583.933333275,10603.158614600736
2024-06-21,10522.908333312,11019.811082626187
2024-06-22,9862.191666639,11073.751410557139
2024-06-23,7883.533333313,11949.1186928489
2024-06-24,11216.666666652,10189.552716742854
2024-06-26,7009.84999998,9605.45220442467
2024-06-27,10859.749999985,11491.639908293271
2024-06-28,14287.724999978,12793.450393627985
2024-06-29,9553.341666646,10999.133950167168
2024-06-30,8217.041666651,11216.436318938198
2024-07-01,7997.583333332,10329.33898873547
2024-07-03,7246.149999998,8825.479920159842
2024-07-04,8983.766666655,9897.302800495672
2024-07-05,10525.900000001,10582.165521543453
2024-07-06,8141.591666673,9709.369192280843
2024-07-07,11525.991666669,10605.610898401526
2024-07-08,14319.508333337,10771.727947570787
2024-07-10,9959.15,8819.319018376334
2024-07-11,10537.608333328,10892.800832543686
2024-07-12,10360.116666663,11168.84375854368
2024-07-13,9779.224999991,10441.140479471658
2024-07-14,8662.941666658,11621.110399826537
2024-07-15,10520.224999991,10817.18319737301
2024-07-17,7191.983333323,9071.147077312799
2024-07-18,9861.983333315,10460.151704504813
2024-07-19,13152.833333309,11105.26904240543
2024-07-20,11711.716666641,10880.825301742407
2024-07-21,9460.633333312,11549.87747592814
2024-07-22,11283.249999985,10130.772367102256
2024-07-24,8172.091666586,8258.004772303982
2024-07-25,12014.658333312,10542.403908361479
2024-07-26,14587.008333285,11305.573499098919
2024-07-27,14458.69166664,10942.787645801729
2024-07-28,10492.624999997,12429.614706414097
2024-07-31,13249.458333312,10373.166675515298
2024-08-01,8405.858333336,9802.153453478204
2024-08-02,8347.391666659,11373.81516855068
2024-08-03,9770.758333335,10323.232031700853
2024-08-04,11086.874999993,9482.351631873873
2024-08-05,10954.358333327,9924.500804223133
2024-08-07,12812.924999994,10807.330320274115
2024-08-08,8485.675,9689.81460571981
2024-08-09,11189.250000009,11196.586254592168
2024-08-10,8088.633333343,12007.263584717448
2024-08-11,8833.741666678001,11565.96763774588
2024-08-12,9764.841666672,10118.07319038216
2024-08-14,6518.008333334,10371.85220728957
2024-08-15,7838.649999994,9744.287060113034
2024-08-16,11339.966666664,11137.820248335232
2024-08-17,9084.65,11444.389805962848
2024-08-18,9961.475000009,10734.896844131481
2024-08-19,10164.491666672,9712.313398797249
2024-08-21,8349.99166666,10782.236269763966
2024-08-22,8353.333333295,9337.31708382647
2024-08-23,9352.574999971,10683.390275951737
2024-08-24,10387.941666647,11031.270102503515
2024-08-25,8668.274999986,11183.996111582088
2024-08-26,10020.974999984,10218.027578471922
2024-08-28,8484.93333332,10756.493502242605
2024-08-29,9898.866666664,10460.707448657597
2024-08-30,11498.49999998,11760.526827264668
2024-08-31,10130.416666654,11393.162139553691
2024-09-01,6466.15,11282.887373359508
2024-09-02,7849.18,9641.4709052101
2024-09-04,7012.03,9951.819583539893
2024-09-05,8015.79,9607.055536859334
2024-09-06,10754.17,11646.191844710962
2024-09-07,8981.8,9640.040810991226
2024-09-08,9871.550000000001,10523.294037213022
2024-09-09,9941.84,9216.84267808228
2024-09-11,7835.33,7645.478980226391
2024-09-12,8091.82,8585.32130640193
2024-09-13,9521.67,10475.537784953385
2024-09-14,8557.24,9648.725868967458
2024-09-15,8465.87,10417.664453245357
2024-09-16,9821.76,8891.866479631413
2024-09-18,8216.87,7585.817868440699
2024-09-19,9762.3,9057.1165706706
2024-09-20,9060.63,10539.880123471741
2024-09-21,9178.88,10115.814147316605
2024-09-22,8377.02,10871.85258083944
2024-09-23,10258.92,8228.870421286982
2024-09-25,7429.43,7801.504035866663
2024-09-26,11776.14,9483.083536877873
2024-09-27,9220.67,10432.905380446473
2024-09-28,9579.13,10587.975149293801
2024-09-29,10142.58,10690.504064880675
2024-09-30,12127.0,8548.044361020597
2024-10-01,7418.46666666,7764.065288084066
2024-10-03,6488.283333356,9512.323855178558
2024-10-04,7314.025000002,10126.422543723758
2024-10-05,8521.016666672,10341.916896850955
2024-10-06,6683.333333326,11314.17348232105
2024-10-07,11286.416666629,8557.893087641081
2024-10-08,12522.574999954,8129.774110889102
2024-10-10,9634.566666628,9847.735262215805
2024-10-11,8144.808333303,10032.516641568389
2024-10-12,8342.524999965,8921.602728527852
2024-10-13,8064.633333305,9231.915186829738
2024-10-14,10829.708333331,9297.234380947883
2024-10-15,9548.100000021,8362.598535160581
2024-10-17,6976.791666689,10113.656390930204
2024-10-18,7811.008333277,9691.478813752146
2024-10-19,11795.099999966,9891.105937061613
2024-10-20,8945.141666634,9463.581308178189
2024-10-21,11647.008333321999,10471.746259288911
2024-10-22,10298.866666656,9335.19641742094
2024-10-24,7257.108333338,10535.606401414876
2024-10-25,8540.15000001,10110.43607579274
2024-10-26,11143.258333272,10228.026760326029
2024-10-27,8224.724999966,9898.973219996325
2024-10-28,11285.374999922,10573.506171192335
2024-10-29,10289.90833326,9385.037043290415
2024-10-31,8151.766666581,10000.618379342675
2024-11-01,7471.59,10093.329144663641
2024-11-02,6483.69,10364.389404584505
2024-11-03,7532.78,9936.426763532923
2024-11-04,8564.47,10280.337423827952
2024-11-06,7124.61,9743.02964555667
2024-11-07,7866.47,10924.577786465705
2024-11-08,12641.24,10651.795527646078
2024-11-09,8790.7,11003.035861455788
2024-11-10,11254.039999999999,11057.649721851256
2024-11-11,11313.73,10249.270434330818
2024-11-12,8508.93,9531.784305571593
2024-11-13,10314.05,9759.197966495152
2024-11-14,11013.63,10266.19349696831
2024-11-15,10354.62,10177.007756428755
2024-11-16,8921.91,9487.127900916812
2024-11-17,7702.1,10283.145656275736
2024-11-20,7658.44,8395.029680781445
2024-11-21,9150.26,9586.304133985353
2024-11-22,10751.99,10502.926812971577
2024-11-23,9107.2,10483.926553506702
2024-11-24,9365.460000000001,11460.973983775268
2024-11-25,10358.12,11194.914076756133
2024-11-26,7159.94,9298.351863541986
2024-11-27,7364.06,10496.331824819916
2024-11-28,10205.36,11341.67014949879
2024-11-29,7686.85,10356.007252577974
2024-11-30,9497.909999992,11067.155417578277
2024-12-01,7491.116666666,11501.006277202076
2024-12-02,5950.01,8919.012441053346
2024-12-04,7117.84,9827.553288433915
2024-12-05,11919.21,11979.568152205175
2024-12-06,9906.53,10136.76883251404
2024-12-07,10656.97,12568.974504940266
2024-12-08,12007.3,12563.919457094227
2024-12-09,9064.29,10167.001417345984
2024-12-10,8962.03,10467.51533092306
2024-12-11,10269.01,11139.275676018295
2024-12-12,8869.81,10769.914903880219
2024-12-13,8530.66,12275.922875959244
2024-12-14,11255.539999999999,12275.971484787897
2024-12-15,7520.6,10889.978777357395
2024-12-16,9537.64,10607.000119083448
2024-12-17,10939.81,11431.03697999495
2024-12-18,10450.18,9193.377541066022
2024-12-19,10148.8,10862.745682555109
2024-12-20,13994.42,11842.16280236153
2024-12-21,12267.44,11030.483251008769
2024-12-22,12781.49,11023.686272450683
2024-12-23,13386.37,11117.12873774622
2024-12-24,9556.94,9443.909311331676
2024-12-26,10388.09,10732.206553437894
2024-12-27,12972.96,11418.89075115128
2024-12-28,12448.58,9725.417549399037
2024-12-29,15207.63,10821.36373662047
2024-12-30,13457.916666653,10974.635765778581
2024-12-31,13186.683333323,9317.747230203007
2025-01-03,8764.208333328,12141.840618974762
2025-01-04,9092.625000014,13147.900926941955
2025-01-05,13560.599999976,12146.936860552283
2025-01-06,12218.041666649,11487.589814535328
2025-01-08,11773.98333332,11455.823733792258
2025-01-09,14683.641666598,11089.646339768853
2025-01-10,12504.541666709,12481.284599245153
2025-01-11,10260.416666641,13410.912156454557
2025-01-12,9868.841666639,12432.881650354997
2025-01-13,13226.666666615,11693.689949242416
2025-01-15,10078.141666616,11531.544014780391
2025-01-16,12736.316666626,11115.905527986464
2025-01-17,11159.133333289,13135.990185660421
2025-01-18,11846.083333303,13130.652514803578
2025-01-19,10592.86666664,13616.257973839913
2025-01-20,10996.524999969,12709.081661897033
2025-01-22,10246.849999989,12408.00450102045
2025-01-23,10775.983333311,11823.602802434316
2025-01-24,11661.633333292,10944.829757471252
2025-01-25,11121.591666606,11329.197228168072
2025-01-26,12229.241666634,13213.828628825366
2025-01-27,12811.908333274,12785.242716314904
2025-01-29,10672.949999973,12748.572627210375
2025-01-30,15952.949999965,14207.554156950333
2025-01-31,14921.508333275,12346.675149140556
2025-02-01,10812.39,11888.04718901217
2025-02-02,9385.78,12676.387603063218
2025-02-03,10437.06,12744.842075564973
2025-02-05,11992.891666678,12093.973291665481
2025-02-06,13558.54166662,15434.293687258603
2025-02-07,13981.508333324,13523.25602964213
2025-02-08,13876.124999993,14088.9248663172
2025-02-09,11545.041666624,13776.258348392055
2025-02-10,13560.649999966,12510.796643081107
2025-02-12,13649.208333291,11774.564426741883
2025-02-13,13560.62,13693.71291385248
2025-02-14,12695.941666638,13340.088388502461
2025-02-15,11032.799999991,14879.343733145513
2025-02-16,12743.091666659,14876.722468455871
2025-02-17,11481.02499996,13595.408216677062
2025-02-19,11022.758333318001,13248.948014426165
2025-02-20,14736.291666611,14188.7432520206
2025-02-21,14882.124999951,13635.208587826359
2025-02-22,11148.033333284,14576.996249125901
2025-02-23,11047.83,14528.275387429472
2025-02-24,14472.22,13552.555750822787
2025-02-26,11735.858333306,13124.0047795721
2025-02-27,14133.641666295,14766.506747717325
2025-02-28,25406.57499993,14661.948275086008
2025-03-01,8135.758333305,13826.757641497927
2025-03-02,9034.649999964,12665.481917455207
2025-03-04,8665.541666646,11937.550645202007
2025-03-05,12754.883333314,11612.660031383144
2025-03-06,13962.29999997,11958.789454438274
2025-03-07,12517.866666656,11751.430033387653
2025-03-08,10600.875,11559.070343734411
2025-03-09,12815.191666649,12050.525812340566
2025-03-11,8914.62,11327.692409559932
2025-03-12,11222.17,11043.19130416461
2025-03-13,12825.960000000001,12335.69380245773
2025-03-14,12573.59,12541.678786107528
2025-03-15,9172.775000008,12551.395826969812
2025-03-16,10090.074999971,12692.446659797542
2025-03-18,8961.866666659,12648.420797110388
2025-03-19,8682.808333292,11909.112220964862
2025-03-20,10210.916666632,13124.0350030314
2025-03-21,9469.224999984,12902.261837302849
2025-03-22,7513.808333333,13015.073051350557
2025-03-23,10449.92499997,13106.047454325235
2025-03-24,7767.716666666,12095.961140181123
2025-03-25,9038.966666661,11337.90737362451
2025-03-26,8452.041666649,11512.13603000255
2025-03-27,12213.716666655,11472.593510399589
2025-03-28,8772.166666697,11541.270205157067
2025-03-30,11245.900000025,11761.511282001968
2025-03-31,9516.424999992,11013.643746719114
2025-04-02,9970.591666651,10370.332414092214
2025-04-03,10651.583333344,10851.194987152268
2025-04-04,9028.466666664,10133.666391060651
2025-04-05,10675.349999992,9138.656610393498
2025-04-06,14910.674999982,10433.470211485024
2025-04-08,11233.933333318,8221.73895270828
2025-04-09,8719.15833331,8462.748955283503
2025-04-10,10273.116666638,9837.17404538084
2025-04-11,8330.349999978,11208.454439869063
2025-04-12,8445.88333332,10816.348070392683
2025-04-13,10478.041666657,11880.690993728052
2025-04-15,7214.816666658,9236.083032761462
2025-04-16,9614.45833332,8983.259958416846
2025-04-17,9319.666666645,10486.206547947097
2025-04-18,7639.549999978,10624.794159766223
2025-04-19,8468.991666633,9821.572287618648
2025-04-20,12029.466666635,11181.121498363369
2025-04-22,7977.358333296,8716.133278845497
2025-04-23,9553.899999961,8649.637752106677
2025-04-24,9835.466666633,10160.300918889448
2025-04-25,8334.533333251,10702.730797229517
2025-04-26,8123.183333246,10815.761120803334
2025-04-27,10935.799999999,12173.922886901375
2025-04-28,8967.899999991,9418.431056943728
2025-04-29,8884.325000017,8598.332677232705
2025-04-30,9641.241666643,9902.419155947351
2025-05-02,5988.06,10504.701629854182
2025-05-03,7374.85,10711.13534599702
2025-05-04,8165.44,12103.20458284822
2025-05-06,7909.1,9258.859604977704
2025-05-07,8634.541666662,8132.085627388569
2025-05-08,9115.691666677,10086.307915214591
2025-05-09,8118.783333334,9123.119125780971
2025-05-10,8831.833333319,9843.701668097541
2025-05-11,11817.299999975,11434.267547094003
2025-05-13,7540.441666649,8151.141643232297
2025-05-15,9329.983333332,10002.732596668924
2025-05-16,6820.808333308,8864.528862413916
2025-05-17,7213.849999995,8594.465037615628
2025-05-18,8448.666666643,9706.489938560222
2025-05-20,6575.216666643,9524.65767244214
2025-05-21,7252.0916666680005,7941.245322736044
2025-05-22,8794.899999978,9339.082614531873
2025-05-23,6983.724999962,9396.915819054571
2025-05-24,6746.783333291,9108.722476288991
2025-05-25,9371.766666626,10070.957865312941
2025-05-26,6400.974999939,9653.844044711332
2025-05-27,8049.291666607,8068.129095291457
2025-05-28,6419.349999987,9357.868931431176
2025-05-29,8182.308333324,9581.419144644453
2025-05-30,8810.008333363001,9574.283578133794
2025-05-31,12075.14,10136.215321294563
2025-06-01,2776.916666667,10353.30485350561
2025-06-02,58.34,8138.818978873858
2025-06-03,6166.704999969,8277.497302624419
2025-06-04,7778.334999973,8025.705860183739
2025-06-05,7282.663333331,8164.569101526853
2025-06-06,8062.680000011,9292.918650947408
2025-06-07,14589.413333331999,10429.41500203736
2025-06-08,7908.68333335,10157.324912783295
2025-06-09,7511.62,9010.70098607453
2025-06-10,6512.86,8187.10096156377
2025-06-11,7721.45,8581.049484861049
2025-06-12,9493.56,10326.417609522403
2025-06-13,7211.59,10064.418582393682
2025-06-14,9846.48,9641.121719337632
2025-06-16,12715.79,7925.243700029614
2025-06-17,6132.6,8088.836362677641
2025-06-18,7343.44,8123.348870269878
2025-06-19,6725.5,9538.885563417925
2025-06-20,6186.37,9639.027172192702
2025-06-21,8545.74,10418.690274950673
2025-06-23,9150.59,8097.804151267738
2025-06-24,8484.31,8365.492325135066
2025-06-25,11813.08,8598.830722595252
2025-06-26,10128.23,10086.473586775004
2025-06-27,6804.0,10502.580952942555
2025-06-28,14218.72,9838.645741123348
2025-06-30,10721.14,8020.889962853564
2025-07-01,4773.05665,7978.272692070175
2025-07-02,7007.92332,7748.003246770225
2025-07-03,6331.86999,8764.887771678676
2025-07-04,5739.04331,10152.712369663619
2025-07-05,7718.84333,10306.305917421634
2025-07-07,8072.09666,8075.317359170567
2025-07-08,7331.63332,8030.4410580447275
2025-07-09,7904.25,7850.449632412088
2025-07-10,7743.46332,9179.040317197052
2025-07-11,6535.44332,9777.330967228612
2025-07-12,8542.47332,10447.588684930013
2025-07-14,7381.01666,8630.261117931608
2025-07-15,7821.11665,8361.887199299308
2025-07-16,8020.69665,9581.376691936735
2025-07-17,7881.6433,7815.5766988527175
2025-07-18,8001.19998,8866.283278488423
2025-07-19,8426.66665,9345.971380205361
2025-07-21,7065.69332,7425.231004349541
2025-07-22,8917.63332,7834.535779518543
2025-07-23,10667.529989999999,8587.319817430993
2025-07-24,8538.14666,7166.478225733183
2025-07-25,8859.06,8126.849002480223
2025-07-26,10700.74999,10639.739661663505
2025-07-27,6921.42665,9646.849413956636
2025-07-28,5803.38666,9305.62771251571
2025-07-30,8623.91665,8710.684272583338
2025-07-31,11217.69998,8644.800056624397
2025-08-01,5814.5,9376.546585575734
2025-08-02,8390.16494,9430.669958903494
2025-08-04,6614.40333,7847.374574481722
2025-08-05,7115.79332,8140.9113130334945
2025-08-06,8908.11333,8373.57288063639
2025-08-07,8961.18,8570.920786112518
2025-08-08,6526.78998,9328.061346863466
2025-08-09,7719.4533,10078.024759774145
2025-08-11,7837.2,8154.465606383253
2025-08-12,8502.15664,8274.040981996262
2025-08-13,10226.96332,8374.240905641724
2025-08-14,6363.40999,9065.092466523003
2025-08-15,6357.10331,9228.11521389072
2025-08-16,7786.34332,9620.266911753237
2025-08-18,8879.81665,7774.570474041382
2025-08-19,7399.41331,8073.378506442921
2025-08-20,10667.90666,8424.195903438555
2025-08-21,6978.59333,9003.045408677728
2025-08-22,7357.28666,9209.769677250239
2025-08-23,8098.25332,10651.007936416227
2025-08-24,6720.74662,9029.692969672891
2025-08-25,5632.37,8025.495981639966
2025-08-26,7536.75998,8257.460368310414
2025-08-27,5358.73666,8146.63343644321
2025-08-28,6821.31665,9358.494368540536
2025-08-29,7736.19332,9205.660307384083
2025-08-30,9891.2933,9335.356477137908
2025-08-31,6164.09999,9739.671833796756
2025-09-02,4687.15333,9383.710681614419
2025-09-03,5351.97332,8248.220130441116
2025-09-04,5510.0333200000005,8784.140744762046
2025-09-05,5543.0,9297.808890568984
2025-09-06,6401.08,9139.515743039436
2025-09-08,6527.56332,8862.81213851577
2025-09-09,5439.21998,8863.670067198009
2025-09-10,8670.56666,8088.0598353537025
2025-09-11,10468.69332,9154.973837445863
2025-09-12,5838.84999,9233.927334028676
2025-09-13,6850.18332,9447.802071529646
2025-09-15,7429.35665,8612.794650631455
2025-09-16,8932.75998,7673.633383458962
2025-09-17,6969.84331,7757.394041498928
2025-09-18,9015.09999,8999.013102395656
2025-09-19,6524.84331,9482.73847255949
2025-09-20,8695.02665,9876.572079583138
2025-09-22,8328.71999,8678.402138453945
2025-09-23,6671.57666,7608.081305212134
2025-09-24,9320.07163,8646.153637138847
2025-09-25,6787.65666,9461.321134798844
2025-09-26,7568.76999,9397.91891753663
2025-09-27,8591.33,10265.325687906881
2025-09-28,8038.78663,10119.1454009903
2025-09-29,6468.31665,7622.255779259969
2025-09-30,9125.0,8308.182372782034
2025-10-01,3170.31333,8217.096300103398
2025-10-02,10370.61666,8440.98864442057
2025-10-03,7082.61996,9581.292074739142
2025-10-04,7733.96995,9458.975435706936
2025-10-06,15384.71999,8538.75569959822
2025-10-07,6743.5333,9106.715011691074
2025-10-08,7591.34997,9321.603233974613
2025-10-09,7586.29333,9355.426556980276
2025-10-10,5834.56663,9467.50482891143
2025-10-11,10754.94999,9725.306369470418
2025-10-13,7632.35331,8504.774531949519
2025-10-14,7372.3133,8369.385849501801
2025-10-15,7782.16662,8388.617948440102
2025-10-16,9235.8733,8833.731445519361
2025-10-17,7177.27665,9446.515992983264
2025-10-18,10700.8066,9873.493684760464
2025-10-20,10077.88331,8430.522510753377
2025-10-21,7246.1133,7945.171775132825
2025-10-22,7515.51663,8026.475072631424
2025-10-23,6895.54665,8614.84606662629
2025-10-24,6319.56666,9454.451805994182
2025-10-25,7677.39332,9633.57527224868
2025-10-27,8123.69664,8908.976291253864
2025-10-28,7031.27664,7773.3402837386875
2025-10-29,9581.93664,8639.176633145982
2025-10-30,8114.63663,8188.351616455002
2025-10-31,8228.25998,8192.311520363648
2025-11-01,6217.46664,10275.50551921995
2025-11-03,5652.28333,8508.98906115897
2025-11-04,6695.2333,8795.716929133734
2025-11-05,8715.64665,8421.07677103846
2025-11-06,11565.25,8375.194568174225
2025-11-07,7714.48333,8952.882901318793
2025-11-08,9320.37999,10255.51220006211
2025-11-10,7884.5,8381.750141973776
2025-11-11,7715.76666,8751.873910546778
2025-11-12,8926.48332,8713.570796462198
2025-11-13,6570.59999,8921.666250459104
2025-11-14,7136.31666,9176.833449472111
2025-11-15,9035.33332,10456.342029491116
2025-11-17,8353.81333,8840.024628522431
2025-11-18,6941.86666,8551.784120921502
2025-11-19,8122.53333,8773.219331994907
2025-11-20,9386.15999,9297.72507098227
2025-11-21,7974.83333,9205.043193656024
2025-11-22,11543.41664,10215.74411840251
2025-11-24,12705.8,8770.54979370864
2025-11-25,10351.78333,8471.63393706307
2025-11-26,12013.80999,8547.115566518585
2025-11-27,10279.19665,9267.839251385984
2025-11-28,9670.31665,9256.173171800641
2025-11-29,11571.32999,9223.59278682592
2025-11-30,12678.96331,9062.017595308129
2025-12-02,6112.03333,8657.977400144318
2025-12-03,7836.08333,9746.43996275161
2025-12-04,9311.0,10765.573586858276
2025-12-05,7412.23332,10307.333224280927
2025-12-06,8723.26665,12007.81074176555
2025-12-08,7828.99999,10945.419681716034
2025-12-09,7476.2,10111.989267377448
2025-12-10,12347.09333,10882.261866823408
2025-12-11,10835.03333,11451.036429082691
2025-12-12,10515.59333,10802.152581230244
2025-12-13,11636.0,11384.387041181742
2025-12-14,9335.14999,11500.48758472571
2025-12-15,9053.70332,9871.434757829431
2025-12-16,10384.06666,11150.419776121398
2025-12-17,10778.06666,10176.543432993709
2025-12-18,7528.30999,10013.504719179404
2025-12-19,11651.31,11842.389481043303
2025-12-20,9907.73333,11379.37017227068
2025-12-21,9344.27998,11244.12767268325
2025-12-22,12651.86333,11179.39510679664
2025-12-23,16336.16665,11108.057549847197
2025-12-24,9273.82666,11135.929977456322
2025-12-26,10274.99333,12441.94128875023
2025-12-27,8709.29666,12112.658896267283
2025-12-28,10107.14999,11294.152091436878
2025-12-29,10147.77665,11143.964660165879
2025-12-30,8356.09666,10834.845585316254
2025-12-31,17922.8,10675.926644482848
