fecha_reparto,level_0,index,cf_total,rechazo,rechazo_imputado,imputado,dia_semana
2023-01-03,0.0,0.0,7632.549999999,69.666666667,69.666666667,False,Tuesday
2023-01-04,1.0,1.0,11561.92500003,65.81666666699999,65.81666666699999,False,Wednesday
2023-01-05,2.0,2.0,11584.525000035,91.474999999,91.474999999,False,Thursday
2023-01-06,3.0,3.0,11219.091666664,124.11666667,124.11666667,False,Friday
2023-01-07,4.0,4.0,11295.283333351,121.075,121.075,False,Saturday
2023-01-08,5.0,5.0,10764.300000008,92.316666665,92.316666665,False,Sunday
2023-01-10,6.0,6.0,10188.883333356,114.833333333,114.833333333,False,Tuesday
2023-01-11,7.0,7.0,15994.116666684,120.81666667,120.81666667,False,Wednesday
2023-01-12,8.0,8.0,16369.541666665,112.000000001,112.000000001,False,Thursday
2023-01-13,9.0,9.0,11517.533333334,93.766666666,93.766666666,False,Friday
2023-01-14,10.0,10.0,16825.216666701,194.716666666,194.716666666,False,Saturday
2023-01-15,11.0,11.0,11543.358333306,149.66666666700002,149.66666666700002,False,Sunday
2023-01-17,12.0,12.0,10212.92499997,78.75,78.75,False,Tuesday
2023-01-19,13.0,13.0,11287.299999993,88.14166666599999,88.14166666599999,False,Thursday
2023-01-20,14.0,14.0,9001.6833333,89.983333334,89.983333334,False,Friday
2023-01-21,15.0,15.0,15855.908333345,100.175000001,100.175000001,False,Saturday
2023-01-22,16.0,16.0,11110.291666643,108.05,108.05,False,Sunday
2023-01-24,17.0,17.0,8194.308333323,101.616666666,101.616666666,False,Tuesday
2023-01-25,18.0,18.0,9461.849999951,119.825,119.825,False,Wednesday
2023-01-26,19.0,19.0,12822.30833332,109.26666666599999,109.26666666599999,False,Thursday
2023-01-27,20.0,20.0,11742.291666634,84.691666667,84.691666667,False,Friday
2023-01-28,21.0,21.0,14684.958333302,126.533333333,126.533333333,False,Saturday
2023-01-29,22.0,22.0,10774.241666633,114.874999997,114.874999997,False,Sunday
2023-01-31,23.0,23.0,10155.166666668,116.666666667,116.666666667,False,Tuesday
2023-02-01,24.0,24.0,9754.96666665,135.166666666,135.166666666,False,Wednesday
2023-02-02,25.0,25.0,10910.599999986,118.875,118.875,False,Thursday
2023-02-03,26.0,26.0,9287.616666652,110.95833333,110.95833333,False,Friday
2023-02-04,27.0,27.0,12246.20833328,210.75,210.75,False,Saturday
2023-02-05,28.0,28.0,13382.041666675,91.916666666,91.916666666,False,Sunday
2023-02-07,29.0,29.0,11846.091666672,102.44166666699999,102.44166666699999,False,Tuesday
2023-02-08,30.0,30.0,11226.416666614,173.141666667,173.141666667,False,Wednesday
2023-02-09,31.0,31.0,12661.341666559,72.68333333300001,72.68333333300001,False,Thursday
2023-02-10,32.0,32.0,10633.766666641,44.875,44.875,False,Friday
2023-02-11,33.0,33.0,17678.99999999,73.233333333,73.233333333,False,Saturday
2023-02-12,34.0,34.0,11737.575000006,72.75,72.75,False,Sunday
2023-02-14,35.0,35.0,9236.091666645,81.708333334,81.708333334,False,Tuesday
2023-02-15,36.0,36.0,11411.883333307,110.391666666,110.391666666,False,Wednesday
2023-02-16,37.0,37.0,14197.841666643,67.899999999,67.899999999,False,Thursday
2023-02-17,38.0,38.0,12068.491666611,98.2,98.2,False,Friday
2023-02-18,39.0,39.0,17094.458333267,95.008333332,95.008333332,False,Saturday
2023-02-19,40.0,40.0,12540.241666594,56.533333334,56.533333334,False,Sunday
2023-02-21,41.0,41.0,9650.808333288,97.924999999,97.924999999,False,Tuesday
2023-02-22,42.0,42.0,12231.866666626,123.341666666,123.341666666,False,Wednesday
2023-02-23,43.0,43.0,13761.391666616,163.816666667,163.816666667,False,Thursday
2023-02-24,44.0,44.0,15667.483333271,51.825,51.825,False,Friday
2023-02-25,45.0,45.0,21723.40833329,120.275,120.275,False,Saturday
2023-02-26,46.0,46.0,16567.324999955,111.24166666299999,111.24166666299999,False,Sunday
2023-02-28,47.0,47.0,15150.258333311,72.083333333,72.083333333,False,Tuesday
2023-03-01,48.0,48.0,9439.54999997,105.016666667,105.016666667,False,Wednesday
2023-03-02,49.0,49.0,10366.699999999,66.916666667,66.916666667,False,Thursday
2023-03-03,50.0,50.0,10106.183333337,71.999999999,71.999999999,False,Friday
2023-03-04,51.0,51.0,10403.233333333,84.19166666699999,84.19166666699999,False,Saturday
2023-03-05,52.0,52.0,10341.341666649,85.775,85.775,False,Sunday
2023-03-07,53.0,53.0,10514.724999992999,91.4,91.4,False,Tuesday
2023-03-08,54.0,54.0,12896.616666609,168.099999999,168.099999999,False,Wednesday
2023-03-09,55.0,55.0,15777.308333341,110.366666666,110.366666666,False,Thursday
2023-03-10,56.0,56.0,13959.391666622,99.95,99.95,False,Friday
2023-03-11,57.0,57.0,21052.241666626,177.341666663,177.341666663,False,Saturday
2023-03-12,58.0,58.0,15581.63333334,137.516666666,137.516666666,False,Sunday
2023-03-14,59.0,59.0,9996.924999956,138.649999996,138.649999996,False,Tuesday
2023-03-15,60.0,60.0,12005.341666633,154.308333332,154.308333332,False,Wednesday
2023-03-16,61.0,61.0,14835.141666636,147.449999999,147.449999999,False,Thursday
2023-03-17,62.0,62.0,11509.533333266,72.158333333,72.158333333,False,Friday
2023-03-18,63.0,63.0,14598.40833335,120.691666667,120.691666667,False,Saturday
2023-03-19,64.0,64.0,12477.666666653,127.183333332,127.183333332,False,Sunday
2023-03-21,65.0,65.0,11817.583333307,165.433333332,165.433333332,False,Tuesday
2023-03-22,66.0,66.0,10610.56666664,153.233333333,153.233333333,False,Wednesday
2023-03-23,67.0,67.0,11244.874999992,94.358333332,94.358333332,False,Thursday
2023-03-24,68.0,68.0,10816.791666659,116.37499999799999,116.37499999799999,False,Friday
2023-03-25,69.0,69.0,13348.941666633,130.55,130.55,False,Saturday
2023-03-26,70.0,70.0,11373.224999963,81.908333332,81.908333332,False,Sunday
2023-03-28,71.0,71.0,10939.041666623,127.808333333,127.808333333,False,Tuesday
2023-03-29,72.0,72.0,15915.591666577,1353.324999998,1353.324999998,False,Wednesday
2023-03-30,73.0,73.0,13636.524999969,1071.058333345,1071.058333345,False,Thursday
2023-03-31,74.0,74.0,11998.583333272,122.250000001,122.250000001,False,Friday
2023-04-01,75.0,75.0,9553.66666665,184.274999998,184.274999998,False,Saturday
2023-04-02,76.0,76.0,8950.850000014,1568.966666703,1568.966666703,False,Sunday
2023-04-04,77.0,77.0,8833.324999991,148.650000001,148.650000001,False,Tuesday
2023-04-05,78.0,78.0,10368.966666646,121.249999999,121.249999999,False,Wednesday
2023-04-06,79.0,79.0,11540.558333346,129.949999999,129.949999999,False,Thursday
2023-04-07,80.0,80.0,10544.033333329,81.233333334,81.233333334,False,Friday
2023-04-08,81.0,81.0,11690.916666652,167.66666666999998,167.66666666999998,False,Saturday
2023-04-09,82.0,82.0,11279.116666635,94.1,94.1,False,Sunday
2023-04-10,83.0,83.0,8218.000000019,123.849999997,123.849999997,False,Monday
2023-04-11,84.0,84.0,8950.500000003,59.741666667,59.741666667,False,Tuesday
2023-04-12,85.0,85.0,9980.62499997,58.749999998999996,58.749999998999996,False,Wednesday
2023-04-13,86.0,86.0,9229.941666671,70.208333333,70.208333333,False,Thursday
2023-04-14,87.0,87.0,13902.741666644999,92.71666667,92.71666667,False,Friday
2023-04-16,88.0,88.0,9324.583333318,107.866666668,107.866666668,False,Sunday
2023-04-18,89.0,89.0,10325.358333324,73.5,73.5,False,Tuesday
2023-04-19,90.0,90.0,10156.708333324,88.0,88.0,False,Wednesday
2023-04-20,91.0,91.0,9897.991666636,79.674999999,79.674999999,False,Thursday
2023-04-21,92.0,92.0,10361.541666625,55.425,55.425,False,Friday
2023-04-22,93.0,93.0,12564.449999942999,61.625,61.625,False,Saturday
2023-04-23,94.0,94.0,11772.649999954,139.550000003,139.550000003,False,Sunday
2023-04-25,95.0,95.0,7976.433333296,75.791666666,75.791666666,False,Tuesday
2023-04-26,96.0,96.0,8677.416666643,95.800000001,95.800000001,False,Wednesday
2023-04-27,97.0,97.0,10872.083333318,86.574999999,86.574999999,False,Thursday
2023-04-28,98.0,98.0,10055.900000021,71.224999999,71.224999999,False,Friday
2023-04-29,99.0,99.0,13717.166666628,276.858333333,276.858333333,False,Saturday
2023-04-30,100.0,100.0,10383.491666627,172.124999999,172.124999999,False,Sunday
2023-05-02,101.0,101.0,5591.35,211.666666667,211.666666667,False,Tuesday
2023-05-03,102.0,102.0,7626.724999997,149.35,149.35,False,Wednesday
2023-05-04,103.0,103.0,9444.000000021,205.458333334,205.458333334,False,Thursday
2023-05-05,104.0,104.0,8985.950000027,204.341666665,204.341666665,False,Friday
2023-05-06,105.0,105.0,8752.483333339,172.016666668,172.016666668,False,Saturday
2023-05-07,106.0,106.0,15979.71666667,251.591666667,251.591666667,False,Sunday
2023-05-09,107.0,107.0,10993.083333318,202.625,202.625,False,Tuesday
2023-05-10,108.0,108.0,8095.541666659,160.608333334,160.608333334,False,Wednesday
2023-05-11,109.0,109.0,9832.591666668,105.0,105.0,False,Thursday
2023-05-12,110.0,110.0,9813.941666657,114.375,114.375,False,Friday
2023-05-13,111.0,111.0,15272.158333334999,108.525,108.525,False,Saturday
2023-05-14,112.0,112.0,10044.591666669001,153.025,153.025,False,Sunday
2023-05-16,113.0,113.0,7394.225000009,124.508333333,124.508333333,False,Tuesday
2023-05-17,114.0,114.0,7773.84166665,105.25,105.25,False,Wednesday
2023-05-18,115.0,115.0,10346.783333304,84.066666666,84.066666666,False,Thursday
2023-05-19,116.0,116.0,9266.158333313,142.783333333,142.783333333,False,Friday
2023-05-20,117.0,117.0,9966.116666662,109.166666666,109.166666666,False,Saturday
2023-05-21,118.0,118.0,9798.849999988,148.74166666600001,148.74166666600001,False,Sunday
2023-05-23,119.0,119.0,8431.958333319,128.683333333,128.683333333,False,Tuesday
2023-05-24,120.0,120.0,7452.724999968,125.191666666,125.191666666,False,Wednesday
2023-05-25,121.0,121.0,10537.416666651,89.983333332,89.983333332,False,Thursday
2023-05-26,122.0,122.0,8465.91666664,86.558333333,86.558333333,False,Friday
2023-05-27,123.0,123.0,11572.383333297,142.133333332,142.133333332,False,Saturday
2023-05-28,124.0,124.0,11064.841666655,76.124999998,76.124999998,False,Sunday
2023-05-30,125.0,125.0,6594.474999971,84.875,84.875,False,Tuesday
2023-05-31,126.0,126.0,7402.366666653,109.325000001,109.325000001,False,Wednesday
2023-06-01,127.0,127.0,8443.37499999,126.250000001,126.250000001,False,Thursday
2023-06-02,128.0,128.0,7083.208333339,72.166666666,72.166666666,False,Friday
2023-06-03,129.0,129.0,7107.716666653,79.966666667,79.966666667,False,Saturday
2023-06-04,130.0,130.0,7427.391666704,103.791666663,103.791666663,False,Sunday
2023-06-06,131.0,131.0,6632.908333344,75.924999999,75.924999999,False,Tuesday
2023-06-07,132.0,132.0,7144.433333342,95.516666668,95.516666668,False,Wednesday
2023-06-08,133.0,133.0,11836.050000001,72.608333333,72.608333333,False,Thursday
2023-06-09,134.0,134.0,9419.983333328999,86.45,86.45,False,Friday
2023-06-10,135.0,135.0,14360.191666666,76.833333334,76.833333334,False,Saturday
2023-06-11,136.0,136.0,9768.324999991,75.574999999,75.574999999,False,Sunday
2023-06-13,137.0,137.0,6221.691666659,108.741666671,108.741666671,False,Tuesday
2023-06-14,138.0,138.0,6983.750000002,67.116666667,67.116666667,False,Wednesday
2023-06-15,139.0,139.0,7695.933333325,76.541666667,76.541666667,False,Thursday
2023-06-16,140.0,140.0,7474.391666675,60.483333333,60.483333333,False,Friday
2023-06-17,141.0,141.0,10858.433333309,65.683333332,65.683333332,False,Saturday
2023-06-18,142.0,142.0,12026.416666648,95.983333331,95.983333331,False,Sunday
2023-06-20,143.0,143.0,7177.950000022,83.133333333,83.133333333,False,Tuesday
2023-06-21,144.0,144.0,6883.799999993,211.741666665,211.741666665,False,Wednesday
2023-06-22,145.0,145.0,8767.633333323,74.066666666,74.066666666,False,Thursday
2023-06-23,146.0,146.0,9143.566666674,78.458333334,78.458333334,False,Friday
2023-06-24,147.0,147.0,13096.483333328,96.45,96.45,False,Saturday
2023-06-25,148.0,148.0,12410.416666613,65.724999999,65.724999999,False,Sunday
2023-06-27,149.0,149.0,8693.00833328,109.69166666699999,109.69166666699999,False,Tuesday
2023-06-28,150.0,150.0,7543.008333224,114.699999998,114.699999998,False,Wednesday
2023-06-29,151.0,151.0,10694.183333277,265.058333332,265.058333332,False,Thursday
2023-06-30,152.0,152.0,8920.19166658,58.4,58.4,False,Friday
2023-07-01,153.0,153.0,7064.299999951,78.283333334,78.283333334,False,Saturday
2023-07-02,154.0,154.0,9720.266666662,83.775000001,83.775000001,False,Sunday
2023-07-04,155.0,155.0,7148.300000025,48.5,48.5,False,Tuesday
2023-07-05,156.0,156.0,7790.333333331,58.19166667,58.19166667,False,Wednesday
2023-07-06,157.0,157.0,9240.208333335,91.183333333,91.183333333,False,Thursday
2023-07-07,158.0,158.0,7667.733333345,79.024999999,79.024999999,False,Friday
2023-07-08,159.0,159.0,13765.224999984,86.3,86.3,False,Saturday
2023-07-09,160.0,160.0,15073.016666678,95.958333331,95.958333331,False,Sunday
2023-07-11,161.0,161.0,16592.774999975998,101.916666667,101.916666667,False,Tuesday
2023-07-12,162.0,162.0,6496.049999997,198.783333332,198.783333332,False,Wednesday
2023-07-13,163.0,163.0,7679.658333345,106.333333333,106.333333333,False,Thursday
2023-07-14,164.0,164.0,7327.04166667,163.791666667,163.791666667,False,Friday
2023-07-15,165.0,165.0,7141.675000004,159.333333334,159.333333334,False,Saturday
2023-07-16,166.0,166.0,9495.516666673,155.566666666,155.566666666,False,Sunday
2023-07-18,167.0,167.0,5683.000000002,175.208333332,175.208333332,False,Tuesday
2023-07-19,168.0,168.0,6919.150000014,129.258333333,129.258333333,False,Wednesday
2023-07-20,169.0,169.0,8683.616666685,178.308333338,178.308333338,False,Thursday
2023-07-21,170.0,170.0,6911.091666696,191.916666661,191.916666661,False,Friday
2023-07-22,171.0,171.0,8101.750000008,227.524999999,227.524999999,False,Saturday
2023-07-23,172.0,172.0,10029.750000015,234.708333332,234.708333332,False,Sunday
2023-07-25,173.0,173.0,6298.650000023,181.35,181.35,False,Tuesday
2023-07-26,174.0,174.0,7406.375000003,126.891666667,126.891666667,False,Wednesday
2023-07-27,175.0,175.0,13181.316666658,243.349999998,243.349999998,False,Thursday
2023-07-28,176.0,176.0,8188.208333334,156.325,156.325,False,Friday
2023-07-30,177.0,177.0,11594.058333325,98.258333332,98.258333332,False,Sunday
2023-08-01,178.0,178.0,6884.541666668,143.53333333,143.53333333,False,Tuesday
2023-08-02,179.0,179.0,7488.033333345,114.574999999,114.574999999,False,Wednesday
2023-08-03,180.0,180.0,10438.133333348,257.983333328,257.983333328,False,Thursday
2023-08-04,181.0,181.0,7410.666666679,108.708333333,108.708333333,False,Friday
2023-08-05,182.0,182.0,6739.966666679,96.625000004,96.625000004,False,Saturday
2023-08-06,183.0,183.0,9349.558333348,110.041666666,110.041666666,False,Sunday
2023-08-08,184.0,184.0,6945.516666704,112.158333332,112.158333332,False,Tuesday
2023-08-09,185.0,185.0,7226.041666657,95.566666667,95.566666667,False,Wednesday
2023-08-10,186.0,186.0,12592.458333344,93.275,93.275,False,Thursday
2023-08-11,187.0,187.0,9596.350000004,93.425,93.425,False,Friday
2023-08-12,188.0,188.0,16828.125000045,67.783333333,67.783333333,False,Saturday
2023-08-13,189.0,189.0,10807.225000006,101.241666667,101.241666667,False,Sunday
2023-08-15,190.0,190.0,7319.708333347,75.575000001,75.575000001,False,Tuesday
2023-08-16,191.0,191.0,7528.274999974,82.158333333,82.158333333,False,Wednesday
2023-08-17,192.0,192.0,8839.383333298,58.083333334,58.083333334,False,Thursday
2023-08-18,193.0,193.0,8286.141666658,94.55,94.55,False,Friday
2023-08-19,194.0,194.0,8363.924999992,84.416666671,84.416666671,False,Saturday
2023-08-20,195.0,195.0,10029.416666673,108.675,108.675,False,Sunday
2023-08-22,196.0,196.0,6358.166666641,52.041666667,52.041666667,False,Tuesday
2023-08-23,197.0,197.0,7364.8750000029995,95.833333334,95.833333334,False,Wednesday
2023-08-24,198.0,198.0,9871.516666642001,83.291666667,83.291666667,False,Thursday
2023-08-25,199.0,199.0,7702.591666666,89.93333333300001,89.93333333300001,False,Friday
2023-08-26,200.0,200.0,11111.299999991,95.208333336,95.208333336,False,Saturday
2023-08-27,201.0,201.0,9135.383333331,114.741666665,114.741666665,False,Sunday
2023-08-29,202.0,202.0,6681.483333342,144.058333333,144.058333333,False,Tuesday
2023-08-30,203.0,203.0,10558.733333281,107.466666667,107.466666667,False,Wednesday
2023-08-31,204.0,204.0,12122.333333318,65.333333333,65.333333333,False,Thursday
2023-09-01,205.0,205.0,6845.983333325,76.175,76.175,False,Friday
2023-09-02,206.0,206.0,6307.533333302,53.583333333,53.583333333,False,Saturday
2023-09-03,207.0,207.0,7527.499999976,56.041666666,56.041666666,False,Sunday
2023-09-05,208.0,208.0,6312.0583333,85.333333333,85.333333333,False,Tuesday
2023-09-06,209.0,209.0,7179.091666688,89.541666666,89.541666666,False,Wednesday
2023-09-07,210.0,210.0,11316.941666642,92.091666666,92.091666666,False,Thursday
2023-09-08,211.0,211.0,8643.858333354001,123.675,123.675,False,Friday
2023-09-09,212.0,212.0,11779.900000023,186.099999999,186.099999999,False,Saturday
2023-09-10,213.0,213.0,7779.408333326,95.274999999,95.274999999,False,Sunday
2023-09-12,214.0,214.0,6661.983333339,146.399999999,146.399999999,False,Tuesday
2023-09-13,215.0,215.0,7837.03333331,128.958333333,128.958333333,False,Wednesday
2023-09-14,216.0,216.0,9775.883333342,118.491666667,118.491666667,False,Thursday
2023-09-15,217.0,217.0,9307.799999983,101.158333334,101.158333334,False,Friday
2023-09-16,218.0,218.0,10096.841666661,85.533333333,85.533333333,False,Saturday
2023-09-17,219.0,219.0,8773.441666678,92.524999999,92.524999999,False,Sunday
2023-09-19,220.0,220.0,7294.958333332,140.041666666,140.041666666,False,Tuesday
2023-09-20,221.0,221.0,7046.166666655,96.850000001,96.850000001,False,Wednesday
2023-09-21,222.0,222.0,12059.008333315,76.175,76.175,False,Thursday
2023-09-22,223.0,223.0,9405.183333325,89.483333331,89.483333331,False,Friday
2023-09-23,224.0,224.0,9923.816666662,80.291666666,80.291666666,False,Saturday
2023-09-24,225.0,225.0,8189.233333307,67.75,67.75,False,Sunday
2023-09-26,226.0,226.0,9450.283333247,96.56666666699999,96.56666666699999,False,Tuesday
2023-09-27,227.0,227.0,9746.458333314,518.241666666,518.241666666,False,Wednesday
2023-09-28,228.0,228.0,12401.691666666,118.983333334,118.983333334,False,Thursday
2023-09-29,229.0,229.0,10643.808333376,105.541666666,105.541666666,False,Friday
2023-09-30,230.0,230.0,10101.300000016,138.166666668,138.166666668,False,Saturday
2023-10-01,231.0,231.0,7418.46666666,55.983333333,55.983333333,False,Sunday
2023-10-01,232.0,,,,55.983333333,True,Sunday
2023-10-01,,,,,55.983333333,True,Sunday
2023-10-02,233.0,,,,77.9458333335,True,Monday
2023-10-02,,,,,77.9458333335,True,Monday
2023-10-03,234.0,,,,99.908333334,True,Tuesday
2023-10-03,235.0,232.0,6488.283333356,99.908333334,99.908333334,False,Tuesday
2023-10-03,,,,,99.908333334,True,Tuesday
2023-10-04,,,,,70.624999999,True,Wednesday
2023-10-04,236.0,233.0,7314.025000002,70.624999999,70.624999999,False,Wednesday
2023-10-04,237.0,,,,70.624999999,True,Wednesday
2023-10-05,238.0,,,,79.675,True,Thursday
2023-10-05,239.0,234.0,8521.016666672,79.675,79.675,False,Thursday
2023-10-05,,,,,79.675,True,Thursday
2023-10-06,,,,,134.616666667,True,Friday
2023-10-06,240.0,,,,134.616666667,True,Friday
2023-10-06,241.0,235.0,6683.333333326,134.616666667,134.616666667,False,Friday
2023-10-07,242.0,,,,127.708333333,True,Saturday
2023-10-07,243.0,236.0,11286.416666629,127.708333333,127.708333333,False,Saturday
2023-10-07,,,,,127.708333333,True,Saturday
2023-10-08,244.0,,,,147.516666666,True,Sunday
2023-10-08,245.0,237.0,12522.574999954,147.516666666,147.516666666,False,Sunday
2023-10-08,,,,,147.516666666,True,Sunday
2023-10-09,246.0,,,,127.57083333349999,True,Monday
2023-10-09,,,,,127.57083333349999,True,Monday
2023-10-10,248.0,,,,107.625000001,True,Tuesday
2023-10-10,247.0,238.0,9634.566666628,107.625000001,107.625000001,False,Tuesday
2023-10-10,,,,,107.625000001,True,Tuesday
2023-10-11,,,,,65.666666666,True,Wednesday
2023-10-11,250.0,239.0,8144.808333303,65.666666666,65.666666666,False,Wednesday
2023-10-11,249.0,,,,65.666666666,True,Wednesday
2023-10-12,252.0,,,,106.541666667,True,Thursday
2023-10-12,251.0,240.0,8342.524999965,106.541666667,106.541666667,False,Thursday
2023-10-12,,,,,106.541666667,True,Thursday
2023-10-13,,,,,89.991666667,True,Friday
2023-10-13,253.0,,,,89.991666667,True,Friday
2023-10-13,254.0,241.0,8064.633333305,89.991666667,89.991666667,False,Friday
2023-10-14,,,,,88.283333334,True,Saturday
2023-10-14,256.0,242.0,10829.708333331,88.283333334,88.283333334,False,Saturday
2023-10-14,255.0,,,,88.283333334,True,Saturday
2023-10-15,258.0,,,,223.408333334,True,Sunday
2023-10-15,,,,,223.408333334,True,Sunday
2023-10-15,257.0,243.0,9548.100000021,223.408333334,223.408333334,False,Sunday
2023-10-16,259.0,,,,159.987500001,True,Monday
2023-10-16,,,,,159.987500001,True,Monday
2023-10-17,261.0,,,,96.566666668,True,Tuesday
2023-10-17,260.0,244.0,6976.791666689,96.566666668,96.566666668,False,Tuesday
2023-10-17,,,,,96.566666668,True,Tuesday
2023-10-18,,,,,131.158333333,True,Wednesday
2023-10-18,263.0,,,,131.158333333,True,Wednesday
2023-10-18,262.0,245.0,7811.008333277,131.158333333,131.158333333,False,Wednesday
2023-10-19,265.0,,,,89.941666666,True,Thursday
2023-10-19,264.0,246.0,11795.099999966,89.941666666,89.941666666,False,Thursday
2023-10-19,,,,,89.941666666,True,Thursday
2023-10-20,,,,,164.29166666700002,True,Friday
2023-10-20,267.0,,,,164.29166666700002,True,Friday
2023-10-20,266.0,247.0,8945.141666634,164.29166666700002,164.29166666700002,False,Friday
2023-10-21,,,,,110.583333334,True,Saturday
2023-10-21,269.0,,,,110.583333334,True,Saturday
2023-10-21,268.0,248.0,11647.008333321999,110.583333334,110.583333334,False,Saturday
2023-10-22,,,,,154.833333334,True,Sunday
2023-10-22,270.0,249.0,10298.866666656,154.833333334,154.833333334,False,Sunday
2023-10-22,271.0,,,,154.833333334,True,Sunday
2023-10-23,,,,,123.79166666649999,True,Monday
2023-10-23,272.0,,,,123.79166666649999,True,Monday
2023-10-24,,,,,92.749999999,True,Tuesday
2023-10-24,274.0,,,,92.749999999,True,Tuesday
2023-10-24,273.0,250.0,7257.108333338,92.749999999,92.749999999,False,Tuesday
2023-10-25,,,,,108.616666667,True,Wednesday
2023-10-25,276.0,251.0,8540.15000001,108.616666667,108.616666667,False,Wednesday
2023-10-25,275.0,,,,108.616666667,True,Wednesday
2023-10-26,278.0,252.0,11143.258333272,88.783333332,88.783333332,False,Thursday
2023-10-26,277.0,,,,88.783333332,True,Thursday
2023-10-26,,,,,88.783333332,True,Thursday
2023-10-27,,,,,91.425000001,True,Friday
2023-10-27,280.0,253.0,8224.724999966,91.425000001,91.425000001,False,Friday
2023-10-27,279.0,,,,91.425000001,True,Friday
2023-10-28,,,,,173.866666661,True,Saturday
2023-10-28,282.0,254.0,11285.374999922,173.866666661,173.866666661,False,Saturday
2023-10-28,281.0,,,,173.866666661,True,Saturday
2023-10-29,,,,,141.783333334,True,Sunday
2023-10-29,284.0,255.0,10289.90833326,141.783333334,141.783333334,False,Sunday
2023-10-29,283.0,,,,141.783333334,True,Sunday
2023-10-30,285.0,,,,116.53333333249999,True,Monday
2023-10-30,,,,,116.53333333249999,True,Monday
2023-10-31,,,,,91.283333331,True,Tuesday
2023-10-31,287.0,256.0,8151.766666581,91.283333331,91.283333331,False,Tuesday
2023-10-31,286.0,,,,91.283333331,True,Tuesday
2023-11-01,288.0,257.0,8216.591666654,149.674999999,149.674999999,False,Wednesday
2023-11-02,289.0,258.0,7757.416666651,89.999999999,89.999999999,False,Thursday
2023-11-03,290.0,259.0,7198.949999988,96.55833333300001,96.55833333300001,False,Friday
2023-11-04,291.0,260.0,10210.258333323,104.71666666600001,104.71666666600001,False,Saturday
2023-11-05,292.0,261.0,12987.283333274,177.008333334,177.008333334,False,Sunday
2023-11-07,293.0,262.0,9186.899999998,195.416666666,195.416666666,False,Tuesday
2023-11-08,294.0,263.0,8240.358333308,136.899999998,136.899999998,False,Wednesday
2023-11-09,295.0,264.0,10893.908333363,143.208333331,143.208333331,False,Thursday
2023-11-10,296.0,265.0,10156.858333301,85.208333331,85.208333331,False,Friday
2023-11-11,297.0,266.0,12064.199999890001,99.974999998,99.974999998,False,Saturday
2023-11-12,298.0,267.0,10871.549999956,146.608333331,146.608333331,False,Sunday
2023-11-14,299.0,268.0,8797.599999985,110.824999999,110.824999999,False,Tuesday
2023-11-15,300.0,269.0,8188.991666653,169.95,169.95,False,Wednesday
2023-11-16,301.0,270.0,10189.583333306,171.374999999,171.374999999,False,Thursday
2023-11-17,302.0,271.0,8953.766666617,98.783333333,98.783333333,False,Friday
2023-11-18,303.0,272.0,10316.749999958,131.733333333,131.733333333,False,Saturday
2023-11-19,304.0,273.0,11964.291666608,133.299999999,133.299999999,False,Sunday
2023-11-21,305.0,274.0,8704.11666663,86.783333331,86.783333331,False,Tuesday
2023-11-22,306.0,275.0,8329.24999997,124.508333333,124.508333333,False,Wednesday
2023-11-23,307.0,276.0,13037.966666631,107.075,107.075,False,Thursday
2023-11-24,308.0,277.0,11117.591666614,124.458333333,124.458333333,False,Friday
2023-11-25,309.0,278.0,11847.358333317,122.074999999,122.074999999,False,Saturday
2023-11-26,310.0,279.0,8705.66666665,73.041666667,73.041666667,False,Sunday
2023-11-28,311.0,280.0,10068.724999941,105.125,105.125,False,Tuesday
2023-11-29,312.0,281.0,11165.349999945,78.041666667,78.041666667,False,Wednesday
2023-11-30,313.0,282.0,14932.683333277,146.775,146.775,False,Thursday
2023-12-01,314.0,283.0,7009.89166665,120.950000001,120.950000001,False,Friday
2023-12-02,315.0,284.0,7421.691666664,96.499999999,96.499999999,False,Saturday
2023-12-03,316.0,285.0,8960.499999981,90.058333334,90.058333334,False,Sunday
2023-12-05,317.0,286.0,7026.874999986,100.949999999,100.949999999,False,Tuesday
2023-12-06,318.0,287.0,8857.824999985,167.483333333,167.483333333,False,Wednesday
2023-12-07,319.0,288.0,10772.199999987,165.524999999,165.524999999,False,Thursday
2023-12-08,320.0,289.0,8092.366666658,73.025,73.025,False,Friday
2023-12-09,321.0,290.0,13818.216666615,120.525000001,120.525000001,False,Saturday
2023-12-10,322.0,291.0,14440.149999947,101.299999999,101.299999999,False,Sunday
2023-12-11,323.0,292.0,10613.79166664,151.358333335,151.358333335,False,Monday
2023-12-12,324.0,293.0,9856.283333301,79.583333332,79.583333332,False,Tuesday
2023-12-13,325.0,294.0,8760.43333328,121.666666666,121.666666666,False,Wednesday
2023-12-14,326.0,295.0,12159.766666646,164.441666667,164.441666667,False,Thursday
2023-12-15,327.0,296.0,12970.274999949,91.208333333,91.208333333,False,Friday
2023-12-16,328.0,297.0,9551.108333317,185.158333333,185.158333333,False,Saturday
2023-12-17,329.0,298.0,9975.541666644,103.458333332,103.458333332,False,Sunday
2023-12-18,330.0,299.0,15490.216666631999,208.791666666,208.791666666,False,Monday
2023-12-19,331.0,300.0,11997.774999988,156.424999997,156.424999997,False,Tuesday
2023-12-20,332.0,301.0,10630.974999935,352.766666665,352.766666665,False,Wednesday
2023-12-21,333.0,302.0,14837.349999983,164.574999998,164.574999998,False,Thursday
2023-12-22,334.0,303.0,15565.308333278,183.508333331,183.508333331,False,Friday
2023-12-23,335.0,304.0,10778.791666617,124.341666666,124.341666666,False,Saturday
2023-12-24,336.0,305.0,13651.333333271,179.874999999,179.874999999,False,Sunday
2023-12-26,337.0,306.0,10038.899999913,132.474999998,132.474999998,False,Tuesday
2023-12-27,338.0,307.0,14508.71666662,131.483333331,131.483333331,False,Wednesday
2023-12-28,339.0,308.0,11498.624999965,142.749999997,142.749999997,False,Thursday
2023-12-29,340.0,309.0,16342.183333309,254.999999999,254.999999999,False,Friday
2023-12-30,341.0,310.0,11058.124999959,102.091666666,102.091666666,False,Saturday
2023-12-31,342.0,311.0,12487.041666654,215.366666663,215.366666663,False,Sunday
2024-01-02,343.0,312.0,6912.758333295,872.349999997,872.349999997,False,Tuesday
2024-01-03,344.0,313.0,7231.408333293,63.416666667,63.416666667,False,Wednesday
2024-01-04,345.0,314.0,9162.391666619,107.683333334,107.683333334,False,Thursday
2024-01-05,346.0,315.0,10188.858333293,78.383333334,78.383333334,False,Friday
2024-01-06,347.0,316.0,9377.499999959,100.66666666,100.66666666,False,Saturday
2024-01-07,348.0,317.0,14835.09999993,153.016666667,153.016666667,False,Sunday
2024-01-09,349.0,318.0,14937.366666613,117.916666665,117.916666665,False,Tuesday
2024-01-10,350.0,319.0,8763.441666638,116.841666668,116.841666668,False,Wednesday
2024-01-11,351.0,320.0,10513.416666647,93.916666668,93.916666668,False,Thursday
2024-01-12,352.0,321.0,8735.04999998,75.624999999,75.624999999,False,Friday
2024-01-13,353.0,322.0,11261.291666637,83.791666666,83.791666666,False,Saturday
2024-01-14,354.0,323.0,11925.358333321,103.374999999,103.374999999,False,Sunday
2024-01-16,355.0,324.0,9127.641666642001,130.991666667,130.991666667,False,Tuesday
2024-01-17,356.0,325.0,10450.149999978,140.208333332,140.208333332,False,Wednesday
2024-01-18,357.0,326.0,10616.058333332,125.741666666,125.741666666,False,Thursday
2024-01-19,358.0,327.0,10137.849999978,189.475000002,189.475000002,False,Friday
2024-01-20,359.0,328.0,10870.249999964,113.058333331,113.058333331,False,Saturday
2024-01-21,360.0,329.0,10797.833333266999,349.133333332,349.133333332,False,Sunday
2024-01-23,361.0,330.0,8808.449999952,136.374999994,136.374999994,False,Tuesday
2024-01-24,362.0,331.0,10125.366666606,167.016666664,167.016666664,False,Wednesday
2024-01-25,363.0,332.0,11971.116666631,78.799999999,78.799999999,False,Thursday
2024-01-26,364.0,333.0,8938.174999962,73.466666665,73.466666665,False,Friday
2024-01-27,365.0,334.0,12337.608333267,82.191666666,82.191666666,False,Saturday
2024-01-28,366.0,335.0,13912.958333277,106.441666667,106.441666667,False,Sunday
2024-01-30,367.0,336.0,11124.366666572,113.691666663,113.691666663,False,Tuesday
2024-01-31,368.0,337.0,12277.183333276,130.958333333,130.958333333,False,Wednesday
2024-02-01,369.0,338.0,9409.166666627,130.9,130.9,False,Thursday
2024-02-02,370.0,339.0,8504.624999987,92.608333332,92.608333332,False,Friday
2024-02-03,371.0,340.0,8566.808333295,52.191666665999996,52.191666665999996,False,Saturday
2024-02-04,372.0,341.0,11819.333333289,91.38333333199999,91.38333333199999,False,Sunday
2024-02-06,373.0,342.0,10088.483333313,116.049999999,116.049999999,False,Tuesday
2024-02-07,374.0,343.0,10520.333333253,119.291666665,119.291666665,False,Wednesday
2024-02-08,375.0,344.0,13845.883333286,74.366666665,74.366666665,False,Thursday
2024-02-09,376.0,345.0,11998.624999907,123.091666665,123.091666665,False,Friday
2024-02-10,377.0,346.0,15513.758333296,151.758333333,151.758333333,False,Saturday
2024-02-11,378.0,347.0,14137.666666613,150.199999996,150.199999996,False,Sunday
2024-02-13,379.0,348.0,8787.67499997,132.825,132.825,False,Tuesday
2024-02-14,380.0,349.0,13162.04999994,148.899999999,148.899999999,False,Wednesday
2024-02-15,381.0,350.0,12889.399999975,98.891666666,98.891666666,False,Thursday
2024-02-16,382.0,351.0,10856.574999923,80.824999999,80.824999999,False,Friday
2024-02-17,383.0,352.0,11372.483333275,248.941666666,248.941666666,False,Saturday
2024-02-18,384.0,353.0,13074.43333331,90.916666667,90.916666667,False,Sunday
2024-02-20,385.0,354.0,9810.716666587,123.89166666599999,123.89166666599999,False,Tuesday
2024-02-21,386.0,355.0,12502.249999954,150.975,150.975,False,Wednesday
2024-02-22,387.0,356.0,16331.399999939,193.349999999,193.349999999,False,Thursday
2024-02-23,388.0,357.0,13274.441666618,199.283333333,199.283333333,False,Friday
2024-02-24,389.0,358.0,15841.65833326,116.291666667,116.291666667,False,Saturday
2024-02-25,390.0,359.0,15713.441666571,308.141666665,308.141666665,False,Sunday
2024-02-27,391.0,360.0,12312.574999923,95.749999999,95.749999999,False,Tuesday
2024-02-28,392.0,361.0,14103.708333241,194.308333334,194.308333334,False,Wednesday
2024-03-01,393.0,362.0,10742.916666661,131.416666666,131.416666666,False,Friday
2024-03-02,394.0,363.0,10174.091666631,109.791666667,109.791666667,False,Saturday
2024-03-03,395.0,364.0,10202.199999987,99.791666667,99.791666667,False,Sunday
2024-03-04,396.0,365.0,12381.816666651,158.516666667,158.516666667,False,Monday
2024-03-06,397.0,366.0,9585.633333301,87.508333334,87.508333334,False,Wednesday
2024-03-07,398.0,367.0,16067.891666642,120.808333334,120.808333334,False,Thursday
2024-03-08,399.0,368.0,18501.591666647,124.599999999,124.599999999,False,Friday
2024-03-09,400.0,369.0,13342.250000013999,137.833333333,137.833333333,False,Saturday
2024-03-10,401.0,370.0,14272.474999976,193.966666666,193.966666666,False,Sunday
2024-03-11,402.0,371.0,15093.833333319,707.7249999969999,707.7249999969999,False,Monday
2024-03-13,403.0,372.0,10750.441666629,1033.033333333,1033.033333333,False,Wednesday
2024-03-14,404.0,373.0,14170.633333299,7986.199999973,7986.199999973,False,Thursday
2024-03-15,405.0,374.0,9940.791666646,287.099999996,287.099999996,False,Friday
2024-03-16,406.0,375.0,12644.349999961,108.525,108.525,False,Saturday
2024-03-17,407.0,376.0,20155.616666586,2117.833333315,2117.833333315,False,Sunday
2024-03-18,408.0,377.0,16461.024999946,229.616666666,229.616666666,False,Monday
2024-03-20,409.0,378.0,21265.941666607,199.566666666,199.566666666,False,Wednesday
2024-03-21,410.0,379.0,13950.249999984,165.216666667,165.216666667,False,Thursday
2024-03-22,411.0,380.0,13330.458333286,437.98333333,437.98333333,False,Friday
2024-03-23,412.0,381.0,10642.699999974,152.733333333,152.733333333,False,Saturday
2024-03-24,413.0,382.0,12869.566666585,133.991666667,133.991666667,False,Sunday
2024-03-25,414.0,383.0,13092.749999958,293.974999998,293.974999998,False,Monday
2024-03-27,415.0,384.0,9006.066666661,127.783333333,127.783333333,False,Wednesday
2024-03-28,416.0,385.0,17560.333333342,109.783333333,109.783333333,False,Thursday
2024-03-29,417.0,386.0,15532.84999997,119.533333333,119.533333333,False,Friday
2024-03-30,418.0,387.0,12915.483333343,154.174999998,154.174999998,False,Saturday
2024-03-31,419.0,388.0,12785.874999974,79.125,79.125,False,Sunday
2024-04-01,420.0,389.0,11648.29166665,143.241666667,143.241666667,False,Monday
2024-04-03,421.0,390.0,9293.67499999,133.08333333299998,133.08333333299998,False,Wednesday
2024-04-04,422.0,391.0,13220.083333324,136.066666666,136.066666666,False,Thursday
2024-04-05,423.0,392.0,18407.591666617,411.29166666599997,411.29166666599997,False,Friday
2024-04-06,424.0,393.0,12492.308333304,513.008333329,513.008333329,False,Saturday
2024-04-08,425.0,394.0,18682.333333312,415.65833333,415.65833333,False,Monday
2024-04-10,426.0,395.0,18505.408333307,221.83333333299998,221.83333333299998,False,Wednesday
2024-04-11,427.0,396.0,17921.391666637,195.266666665,195.266666665,False,Thursday
2024-04-12,428.0,397.0,19602.166666622,232.933333334,232.933333334,False,Friday
2024-04-13,429.0,398.0,13616.166666616,155.441666666,155.441666666,False,Saturday
2024-04-14,430.0,399.0,13463.366666617,60.775000001,60.775000001,False,Sunday
2024-04-15,431.0,400.0,16814.499999957,142.458333333,142.458333333,False,Monday
2024-04-17,432.0,401.0,9594.549999961,85.433333332,85.433333332,False,Wednesday
2024-04-18,433.0,402.0,12785.233333331,71.725,71.725,False,Thursday
2024-04-19,434.0,403.0,14694.208333271,162.41666666700002,162.41666666700002,False,Friday
2024-04-20,435.0,404.0,13201.966666641,135.958333333,135.958333333,False,Saturday
2024-04-21,436.0,405.0,15055.449999969,110.041666666,110.041666666,False,Sunday
2024-04-22,437.0,406.0,15573.199999962,121.516666665,121.516666665,False,Monday
2024-04-24,438.0,407.0,10115.5583333,374.924999996,374.924999996,False,Wednesday
2024-04-25,439.0,408.0,11201.049999968,100.083333334,100.083333334,False,Thursday
2024-04-26,440.0,409.0,15542.574999963,153.308333332,153.308333332,False,Friday
2024-04-27,441.0,410.0,11103.491666616,58.058333333,58.058333333,False,Saturday
2024-04-28,442.0,411.0,12751.291666554,93.783333332,93.783333332,False,Sunday
2024-04-29,443.0,412.0,13135.174999951,236.399999996,236.399999996,False,Monday
2024-05-02,444.0,413.0,9691.883333328,172.466666666,172.466666666,False,Thursday
2024-05-03,445.0,414.0,12257.866666676,191.625,191.625,False,Friday
2024-05-04,446.0,415.0,12000.949999983,124.266666666,124.266666666,False,Saturday
2024-05-05,447.0,416.0,19213.09166661,134.775,134.775,False,Sunday
2024-05-06,448.0,417.0,16497.741666641,635.124999991,635.124999991,False,Monday
2024-05-08,449.0,418.0,13493.908333277,83.916666667,83.916666667,False,Wednesday
2024-05-09,450.0,419.0,11910.233333263,148.608333333,148.608333333,False,Thursday
2024-05-10,451.0,420.0,12499.816666663,288.366666667,288.366666667,False,Friday
2024-05-11,452.0,421.0,9879.591666661,101.825,101.825,False,Saturday
2024-05-12,453.0,422.0,12151.991666659,199.658333333,199.658333333,False,Sunday
2024-05-13,454.0,423.0,13842.991666662,169.274999999,169.274999999,False,Monday
2024-05-15,455.0,424.0,8664.699999984,155.825,155.825,False,Wednesday
2024-05-16,456.0,425.0,11739.374999989,166.358333333,166.358333333,False,Thursday
2024-05-17,457.0,426.0,12266.549999964,111.608333333,111.608333333,False,Friday
2024-05-18,458.0,427.0,9196.966666627999,95.416666666,95.416666666,False,Saturday
2024-05-19,459.0,428.0,11853.691666675,124.741666666,124.741666666,False,Sunday
2024-05-20,460.0,429.0,12429.783333324,180.725,180.725,False,Monday
2024-05-22,461.0,430.0,9877.366666667,93.908333333,93.908333333,False,Wednesday
2024-05-23,462.0,431.0,10746.416666656,144.241666667,144.241666667,False,Thursday
2024-05-24,463.0,432.0,12766.741666665,189.441666666,189.441666666,False,Friday
2024-05-25,464.0,433.0,9799.916666654999,97.875,97.875,False,Saturday
2024-05-26,465.0,434.0,10401.599999982,127.158333333,127.158333333,False,Sunday
2024-05-27,466.0,435.0,12062.199999978,404.174999999,404.174999999,False,Monday
2024-05-29,467.0,436.0,7990.474999992,99.283333333,99.283333333,False,Wednesday
2024-05-30,468.0,437.0,9377.716666643,180.866666666,180.866666666,False,Thursday
2024-05-31,469.0,438.0,9465.149999994,97.791666667,97.791666667,False,Friday
2024-06-01,470.0,439.0,7142.566666666,94.0,94.0,False,Saturday
2024-06-02,471.0,440.0,8624.824999995,71.958333334,71.958333334,False,Sunday
2024-06-03,472.0,441.0,9917.708333332,199.400000001,199.400000001,False,Monday
2024-06-05,473.0,442.0,7771.599999992,144.175,144.175,False,Wednesday
2024-06-06,474.0,443.0,9524.049999981,122.541666666,122.541666666,False,Thursday
2024-06-07,475.0,444.0,13792.766666644,170.274999999,170.274999999,False,Friday
2024-06-08,476.0,445.0,13546.841666637,124.916666665,124.916666665,False,Saturday
2024-06-09,477.0,446.0,11894.149999976,174.108333333,174.108333333,False,Sunday
2024-06-10,478.0,447.0,12223.274999975,102.491666666,102.491666666,False,Monday
2024-06-12,479.0,448.0,11193.541666639,147.316666667,147.316666667,False,Wednesday
2024-06-13,480.0,449.0,10989.866666652,96.066666666,96.066666666,False,Thursday
2024-06-14,481.0,450.0,13316.51666663,109.033333334,109.033333334,False,Friday
2024-06-15,482.0,451.0,9023.841666659,127.78333332999999,127.78333332999999,False,Saturday
2024-06-16,483.0,452.0,9020.908333327001,128.291666667,128.291666667,False,Sunday
2024-06-17,484.0,453.0,11616.024999994,210.124999999,210.124999999,False,Monday
2024-06-19,485.0,454.0,7969.158333322,149.616666666,149.616666666,False,Wednesday
2024-06-20,486.0,455.0,9583.933333275,118.291666667,118.291666667,False,Thursday
2024-06-21,487.0,456.0,10522.908333312,150.774999999,150.774999999,False,Friday
2024-06-22,488.0,457.0,9862.191666639,219.425,219.425,False,Saturday
2024-06-23,489.0,458.0,7883.533333313,142.899999999,142.899999999,False,Sunday
2024-06-24,490.0,459.0,11216.666666652,168.516666665,168.516666665,False,Monday
2024-06-26,491.0,460.0,7009.84999998,217.541666667,217.541666667,False,Wednesday
2024-06-27,492.0,461.0,10859.749999985,218.874999997,218.874999997,False,Thursday
2024-06-28,493.0,462.0,14287.724999978,227.383333332,227.383333332,False,Friday
2024-06-29,494.0,463.0,9553.341666646,286.91666666599997,286.91666666599997,False,Saturday
2024-06-30,495.0,464.0,8217.041666651,172.333333333,172.333333333,False,Sunday
2024-07-01,496.0,465.0,7997.583333332,181.133333334,181.133333334,False,Monday
2024-07-03,497.0,466.0,7246.149999998,132.25,132.25,False,Wednesday
2024-07-04,498.0,467.0,8983.766666655,168.625,168.625,False,Thursday
2024-07-05,499.0,468.0,10525.900000001,132.616666667,132.616666667,False,Friday
2024-07-06,500.0,469.0,8141.591666673,89.458333333,89.458333333,False,Saturday
2024-07-07,501.0,470.0,11525.991666669,148.508333334,148.508333334,False,Sunday
2024-07-08,502.0,471.0,14319.508333337,104.241666667,104.241666667,False,Monday
2024-07-10,503.0,472.0,9959.15,102.875,102.875,False,Wednesday
2024-07-11,504.0,473.0,10537.608333328,213.125,213.125,False,Thursday
2024-07-12,505.0,474.0,10360.116666663,176.525,176.525,False,Friday
2024-07-13,506.0,475.0,9779.224999991,81.791666667,81.791666667,False,Saturday
2024-07-14,507.0,476.0,8662.941666658,100.2,100.2,False,Sunday
2024-07-15,508.0,477.0,10520.224999991,110.241666666,110.241666666,False,Monday
2024-07-17,509.0,478.0,7191.983333323,126.68333333300001,126.68333333300001,False,Wednesday
2024-07-18,510.0,479.0,9861.983333315,84.649999999,84.649999999,False,Thursday
2024-07-19,511.0,480.0,13152.833333309,134.483333332,134.483333332,False,Friday
2024-07-20,512.0,481.0,11711.716666641,93.108333337,93.108333337,False,Saturday
2024-07-21,513.0,482.0,9460.633333312,146.383333333,146.383333333,False,Sunday
2024-07-22,514.0,483.0,11283.249999985,174.9,174.9,False,Monday
2024-07-24,515.0,484.0,8172.091666586,163.691666663,163.691666663,False,Wednesday
2024-07-25,516.0,485.0,12014.658333312,75.608333333,75.608333333,False,Thursday
2024-07-26,517.0,486.0,14587.008333285,312.108333333,312.108333333,False,Friday
2024-07-27,518.0,487.0,14458.69166664,200.908333334,200.908333334,False,Saturday
2024-07-28,519.0,488.0,10492.624999997,143.616666666,143.616666666,False,Sunday
2024-07-31,520.0,489.0,13249.458333312,246.141666666,246.141666666,False,Wednesday
2024-08-01,521.0,490.0,8405.858333336,278.658333336,278.658333336,False,Thursday
2024-08-02,522.0,491.0,8347.391666659,149.083333333,149.083333333,False,Friday
2024-08-03,523.0,492.0,9770.758333335,155.208333332,155.208333332,False,Saturday
2024-08-04,524.0,493.0,11086.874999993,123.833333333,123.833333333,False,Sunday
2024-08-05,525.0,494.0,10954.358333327,108.94166666699999,108.94166666699999,False,Monday
2024-08-07,526.0,495.0,12812.924999994,115.866666666,115.866666666,False,Wednesday
2024-08-08,527.0,496.0,8485.675,92.7,92.7,False,Thursday
2024-08-09,528.0,497.0,11189.250000009,142.875,142.875,False,Friday
2024-08-10,529.0,498.0,8088.633333343,86.491666667,86.491666667,False,Saturday
2024-08-11,530.0,499.0,8833.741666678001,123.75,123.75,False,Sunday
2024-08-12,531.0,500.0,9764.841666672,133.691666667,133.691666667,False,Monday
2024-08-14,532.0,501.0,6518.008333334,92.416666666,92.416666666,False,Wednesday
2024-08-15,533.0,502.0,7838.649999994,292.374999999,292.374999999,False,Thursday
2024-08-16,534.0,503.0,11339.966666664,153.449999999,153.449999999,False,Friday
2024-08-17,535.0,504.0,9084.65,134.86666666600001,134.86666666600001,False,Saturday
2024-08-18,536.0,505.0,9961.475000009,77.625000001,77.625000001,False,Sunday
2024-08-19,537.0,506.0,10164.491666672,94.158333333,94.158333333,False,Monday
2024-08-21,538.0,507.0,8349.99166666,116.616666666,116.616666666,False,Wednesday
2024-08-22,539.0,508.0,8353.333333295,170.183333333,170.183333333,False,Thursday
2024-08-23,540.0,509.0,9352.574999971,122.916666667,122.916666667,False,Friday
2024-08-24,541.0,510.0,10387.941666647,184.55,184.55,False,Saturday
2024-08-25,542.0,511.0,8668.274999986,117.708333333,117.708333333,False,Sunday
2024-08-26,543.0,512.0,10020.974999984,165.266666666,165.266666666,False,Monday
2024-08-28,544.0,513.0,8484.93333332,153.949999999,153.949999999,False,Wednesday
2024-08-29,545.0,514.0,9898.866666664,177.466666667,177.466666667,False,Thursday
2024-08-30,546.0,515.0,11498.49999998,141.408333332,141.408333332,False,Friday
2024-08-31,547.0,516.0,10130.416666654,113.558333333,113.558333333,False,Saturday
2024-09-01,548.0,517.0,6466.15,88.67,88.67,False,Sunday
2024-09-02,549.0,518.0,7849.18,128.82,128.82,False,Monday
2024-09-04,550.0,519.0,7012.03,142.36,142.36,False,Wednesday
2024-09-05,551.0,520.0,8015.79,66.03,66.03,False,Thursday
2024-09-06,552.0,521.0,10754.17,59.66,59.66,False,Friday
2024-09-07,553.0,522.0,8981.8,67.0,67.0,False,Saturday
2024-09-08,554.0,523.0,9871.550000000001,47.0,47.0,False,Sunday
2024-09-09,555.0,524.0,9941.84,67.32,67.32,False,Monday
2024-09-11,556.0,525.0,7835.33,66.14,66.14,False,Wednesday
2024-09-12,557.0,526.0,8091.82,48.56,48.56,False,Thursday
2024-09-13,558.0,527.0,9521.67,57.88,57.88,False,Friday
2024-09-14,559.0,528.0,8557.24,28.0,28.0,False,Saturday
2024-09-15,560.0,529.0,8465.87,51.839999999999996,51.839999999999996,False,Sunday
2024-09-16,561.0,530.0,9821.76,73.22,73.22,False,Monday
2024-09-18,562.0,531.0,8216.87,68.83,68.83,False,Wednesday
2024-09-19,563.0,532.0,9762.3,70.0,70.0,False,Thursday
2024-09-20,564.0,533.0,9060.63,62.0,62.0,False,Friday
2024-09-21,565.0,534.0,9178.88,75.58,75.58,False,Saturday
2024-09-22,566.0,535.0,8377.02,53.21,53.21,False,Sunday
2024-09-23,567.0,536.0,10258.92,75.36,75.36,False,Monday
2024-09-25,568.0,537.0,7429.43,64.42,64.42,False,Wednesday
2024-09-26,569.0,538.0,11776.14,66.25,66.25,False,Thursday
2024-09-27,570.0,539.0,9220.67,78.62,78.62,False,Friday
2024-09-28,571.0,540.0,9579.13,77.51,77.51,False,Saturday
2024-09-29,572.0,541.0,10142.58,84.26,84.26,False,Sunday
2024-09-30,573.0,542.0,12127.0,75.84,75.84,False,Monday
2024-11-01,574.0,543.0,7471.59,190.68,190.68,False,Friday
2024-11-02,575.0,544.0,6483.69,74.27,74.27,False,Saturday
2024-11-03,576.0,545.0,7532.78,117.34,117.34,False,Sunday
2024-11-04,577.0,546.0,8564.47,90.06,90.06,False,Monday
2024-11-06,578.0,547.0,7124.61,56.1,56.1,False,Wednesday
2024-11-07,579.0,548.0,7866.47,79.27,79.27,False,Thursday
2024-11-08,580.0,549.0,12641.24,91.26,91.26,False,Friday
2024-11-09,581.0,550.0,8790.7,114.36,114.36,False,Saturday
2024-11-10,582.0,551.0,11254.039999999999,136.06,136.06,False,Sunday
2024-11-11,583.0,552.0,11313.73,87.01,87.01,False,Monday
2024-11-12,584.0,553.0,8508.93,139.62,139.62,False,Tuesday
2024-11-13,585.0,554.0,10314.05,108.67,108.67,False,Wednesday
2024-11-14,586.0,555.0,11013.63,81.7,81.7,False,Thursday
2024-11-15,587.0,556.0,10354.62,107.0,107.0,False,Friday
2024-11-16,588.0,557.0,8921.91,86.07,86.07,False,Saturday
2024-11-17,589.0,558.0,7702.1,142.05,142.05,False,Sunday
2024-11-20,590.0,559.0,7658.44,108.2,108.2,False,Wednesday
2024-11-21,591.0,560.0,9150.26,135.85,135.85,False,Thursday
2024-11-22,592.0,561.0,10751.99,85.56,85.56,False,Friday
2024-11-23,593.0,562.0,9107.2,75.77,75.77,False,Saturday
2024-11-24,594.0,563.0,9365.460000000001,119.7,119.7,False,Sunday
2024-11-25,595.0,564.0,10358.12,160.59,160.59,False,Monday
2024-11-26,596.0,565.0,7159.94,123.78,123.78,False,Tuesday
2024-11-27,597.0,566.0,7364.06,87.17,87.17,False,Wednesday
2024-11-28,598.0,567.0,10205.36,117.86,117.86,False,Thursday
2024-11-29,599.0,568.0,7686.85,102.16,102.16,False,Friday
2024-11-30,600.0,569.0,9497.909999992,107.5,107.5,False,Saturday
2024-12-01,601.0,570.0,7491.116666666,95.5,95.5,False,Sunday
2024-12-02,602.0,571.0,5950.01,74.25,74.25,False,Monday
2024-12-04,603.0,572.0,7117.84,102.9,102.9,False,Wednesday
2024-12-05,604.0,573.0,11919.21,59.2,59.2,False,Thursday
2024-12-06,605.0,574.0,9906.53,71.58,71.58,False,Friday
2024-12-07,606.0,575.0,10656.97,53.0,53.0,False,Saturday
2024-12-08,607.0,576.0,12007.3,65.0,65.0,False,Sunday
2024-12-09,608.0,577.0,9064.29,63.62,63.62,False,Monday
2024-12-10,609.0,578.0,8962.03,66.02,66.02,False,Tuesday
2024-12-11,610.0,579.0,10269.01,47.09,47.09,False,Wednesday
2024-12-12,611.0,580.0,8869.81,62.11,62.11,False,Thursday
2024-12-13,612.0,581.0,8530.66,61.83,61.83,False,Friday
2024-12-14,613.0,582.0,11255.539999999999,63.5,63.5,False,Saturday
2024-12-15,614.0,583.0,7520.6,49.629999999999995,49.629999999999995,False,Sunday
2024-12-16,615.0,584.0,9537.64,38.0,38.0,False,Monday
2024-12-17,616.0,585.0,10939.81,88.06,88.06,False,Tuesday
2024-12-18,617.0,586.0,10450.18,66.12,66.12,False,Wednesday
2024-12-19,618.0,587.0,10148.8,55.13,55.13,False,Thursday
2024-12-20,619.0,588.0,13994.42,107.33,107.33,False,Friday
2024-12-21,620.0,589.0,12267.44,89.79,89.79,False,Saturday
2024-12-22,621.0,590.0,12781.49,74.25,74.25,False,Sunday
2024-12-23,622.0,591.0,13386.37,145.54,145.54,False,Monday
2024-12-24,623.0,592.0,9556.94,83.67,83.67,False,Tuesday
2024-12-26,624.0,593.0,10388.09,180.14000000000001,180.14000000000001,False,Thursday
2024-12-27,625.0,594.0,12972.96,94.25,94.25,False,Friday
2024-12-28,626.0,595.0,12448.58,76.67,76.67,False,Saturday
2024-12-29,627.0,596.0,15207.63,95.94,95.94,False,Sunday
2024-12-30,628.0,597.0,13457.916666653,139.541666666,139.541666666,False,Monday
2024-12-31,629.0,598.0,13186.683333323,176.325,176.325,False,Tuesday
2025-01-03,630.0,599.0,8764.208333328,93.5,93.5,False,Friday
2025-01-04,631.0,600.0,9092.625000014,89.525,89.525,False,Saturday
2025-01-05,632.0,601.0,13560.599999976,98.0,98.0,False,Sunday
2025-01-06,633.0,602.0,12218.041666649,93.066666666,93.066666666,False,Monday
2025-01-08,634.0,603.0,11773.98333332,79.408333333,79.408333333,False,Wednesday
2025-01-09,635.0,604.0,14683.641666598,97.966666666,97.966666666,False,Thursday
2025-01-10,636.0,605.0,12504.541666709,102.583333333,102.583333333,False,Friday
2025-01-11,637.0,606.0,10260.416666641,125.258333333,125.258333333,False,Saturday
2025-01-12,638.0,607.0,9868.841666639,99.741666663,99.741666663,False,Sunday
2025-01-13,639.0,608.0,13226.666666615,174.399999996,174.399999996,False,Monday
2025-01-15,640.0,609.0,10078.141666616,87.25,87.25,False,Wednesday
2025-01-16,641.0,610.0,12736.316666626,117.041666667,117.041666667,False,Thursday
2025-01-17,642.0,611.0,11159.133333289,139.366666666,139.366666666,False,Friday
2025-01-18,643.0,612.0,11846.083333303,96.666666667,96.666666667,False,Saturday
2025-01-19,644.0,613.0,10592.86666664,127.733333333,127.733333333,False,Sunday
2025-01-20,645.0,614.0,10996.524999969,112.7,112.7,False,Monday
2025-01-22,646.0,615.0,10246.849999989,140.666666667,140.666666667,False,Wednesday
2025-01-23,647.0,616.0,10775.983333311,78.366666666,78.366666666,False,Thursday
2025-01-24,648.0,617.0,11661.633333292,104.658333333,104.658333333,False,Friday
2025-01-25,649.0,618.0,11121.591666606,113.974999999,113.974999999,False,Saturday
2025-01-26,650.0,619.0,12229.241666634,123.074999999,123.074999999,False,Sunday
2025-01-27,651.0,620.0,12811.908333274,128.033333333,128.033333333,False,Monday
2025-01-29,652.0,621.0,10672.949999973,115.566666666,115.566666666,False,Wednesday
2025-01-30,653.0,622.0,15952.949999965,144.816666666,144.816666666,False,Thursday
2025-01-31,654.0,623.0,14921.508333275,166.558333337,166.558333337,False,Friday
2025-02-01,655.0,624.0,10812.39,74.5,74.5,False,Saturday
2025-02-02,656.0,625.0,9385.78,92.86,92.86,False,Sunday
2025-02-03,657.0,626.0,10437.06,116.88,116.88,False,Monday
2025-02-05,658.0,627.0,11992.891666678,158.775,158.775,False,Wednesday
2025-02-06,659.0,628.0,13558.54166662,115.175,115.175,False,Thursday
2025-02-07,660.0,629.0,13981.508333324,72.816666666,72.816666666,False,Friday
2025-02-08,661.0,630.0,13876.124999993,121.0,121.0,False,Saturday
2025-02-09,662.0,631.0,11545.041666624,85.583333333,85.583333333,False,Sunday
2025-02-10,663.0,632.0,13560.649999966,154.108333331,154.108333331,False,Monday
2025-02-12,664.0,633.0,13649.208333291,137.633333332,137.633333332,False,Wednesday
2025-02-13,665.0,634.0,13560.62,126.57,126.57,False,Thursday
2025-02-14,666.0,635.0,12695.941666638,125.44166666699999,125.44166666699999,False,Friday
2025-02-15,667.0,636.0,11032.799999991,130.908333333,130.908333333,False,Saturday
2025-02-16,668.0,637.0,12743.091666659,123.583333333,123.583333333,False,Sunday
2025-02-17,669.0,638.0,11481.02499996,102.033333333,102.033333333,False,Monday
2025-02-19,670.0,639.0,11022.758333318001,112.666666667,112.666666667,False,Wednesday
2025-02-20,671.0,640.0,14736.291666611,125.283333333,125.283333333,False,Thursday
2025-02-21,672.0,641.0,14882.124999951,87.616666666,87.616666666,False,Friday
2025-02-22,673.0,642.0,11148.033333284,120.966666667,120.966666667,False,Saturday
2025-02-23,674.0,643.0,11047.83,154.81,154.81,False,Sunday
2025-02-24,675.0,644.0,14472.22,134.88,134.88,False,Monday
2025-02-26,676.0,645.0,11735.858333306,115.099999999,115.099999999,False,Wednesday
2025-02-27,677.0,646.0,14133.641666295,364.09999999900003,364.09999999900003,False,Thursday
2025-02-28,678.0,647.0,25406.57499993,301.633333332,301.633333332,False,Friday
2025-03-01,679.0,648.0,8135.758333305,93.5,93.5,False,Saturday
2025-03-02,680.0,649.0,9034.649999964,101.5,101.5,False,Sunday
2025-03-04,681.0,650.0,8665.541666646,117.533333333,117.533333333,False,Tuesday
2025-03-05,682.0,651.0,12754.883333314,179.0,179.0,False,Wednesday
2025-03-06,683.0,652.0,13962.29999997,156.783333333,156.783333333,False,Thursday
2025-03-07,684.0,653.0,12517.866666656,120.533333333,120.533333333,False,Friday
2025-03-08,685.0,654.0,10600.875,115.500000001,115.500000001,False,Saturday
2025-03-09,686.0,655.0,12815.191666649,151.658333334,151.658333334,False,Sunday
2025-03-11,687.0,656.0,8914.62,142.26,142.26,False,Tuesday
2025-03-12,688.0,657.0,11222.17,85.26,85.26,False,Wednesday
2025-03-13,689.0,658.0,12825.960000000001,135.4,135.4,False,Thursday
2025-03-14,690.0,659.0,12573.59,88.87,88.87,False,Friday
2025-03-15,691.0,660.0,9172.775000008,94.0,94.0,False,Saturday
2025-03-16,692.0,661.0,10090.074999971,61.333333333,61.333333333,False,Sunday
2025-03-18,693.0,662.0,8961.866666659,154.533333333,154.533333333,False,Tuesday
2025-03-19,694.0,663.0,8682.808333292,144.783333333,144.783333333,False,Wednesday
2025-03-20,695.0,664.0,10210.916666632,58.1,58.1,False,Thursday
2025-03-21,696.0,665.0,9469.224999984,63.0,63.0,False,Friday
2025-03-22,697.0,666.0,7513.808333333,62.666666667,62.666666667,False,Saturday
2025-03-23,698.0,667.0,10449.92499997,55.033333333,55.033333333,False,Sunday
2025-03-24,699.0,668.0,7767.716666666,155.483333334,155.483333334,False,Monday
2025-03-25,700.0,669.0,9038.966666661,52.033333334,52.033333334,False,Tuesday
2025-03-26,701.0,670.0,8452.041666649,90.033333333,90.033333333,False,Wednesday
2025-03-27,702.0,671.0,12213.716666655,76.466666667,76.466666667,False,Thursday
2025-03-28,703.0,672.0,8772.166666697,93.733333334,93.733333334,False,Friday
2025-03-30,704.0,673.0,11245.900000025,83.733333337,83.733333337,False,Sunday
2025-03-31,705.0,674.0,9516.424999992,80.81666666699999,80.81666666699999,False,Monday
2025-04-02,706.0,675.0,9970.591666651,107.783333333,107.783333333,False,Wednesday
2025-04-03,707.0,676.0,10651.583333344,184.033333333,184.033333333,False,Thursday
2025-04-04,708.0,677.0,9028.466666664,138.0,138.0,False,Friday
2025-04-05,709.0,678.0,10675.349999992,105.033333333,105.033333333,False,Saturday
2025-04-06,710.0,679.0,14910.674999982,92.583333333,92.583333333,False,Sunday
2025-04-08,711.0,680.0,11233.933333318,129.633333332,129.633333332,False,Tuesday
2025-04-09,712.0,681.0,8719.15833331,89.533333333,89.533333333,False,Wednesday
2025-04-10,713.0,682.0,10273.116666638,121.533333333,121.533333333,False,Thursday
2025-04-11,714.0,683.0,8330.349999978,123.108333333,123.108333333,False,Friday
2025-04-12,715.0,684.0,8445.88333332,106.333333333,106.333333333,False,Saturday
2025-04-13,716.0,685.0,10478.041666657,119.0,119.0,False,Sunday
2025-04-15,717.0,686.0,7214.816666658,114.116666667,114.116666667,False,Tuesday
2025-04-16,718.0,687.0,9614.45833332,165.033333333,165.033333333,False,Wednesday
2025-04-17,719.0,688.0,9319.666666645,139.666666666,139.666666666,False,Thursday
2025-04-18,720.0,689.0,7639.549999978,87.533333333,87.533333333,False,Friday
2025-04-19,721.0,690.0,8468.991666633,143.099999999,143.099999999,False,Saturday
2025-04-20,722.0,691.0,12029.466666635,93.399999999,93.399999999,False,Sunday
2025-04-22,723.0,692.0,7977.358333296,124.5,124.5,False,Tuesday
2025-04-23,724.0,693.0,9553.899999961,118.76666666599999,118.76666666599999,False,Wednesday
2025-04-24,725.0,694.0,9835.466666633,124.133333332,124.133333332,False,Thursday
2025-04-25,726.0,695.0,8334.533333251,133.416666666,133.416666666,False,Friday
2025-04-26,727.0,696.0,8123.183333246,76.566666666,76.566666666,False,Saturday
2025-04-27,728.0,697.0,10935.799999999,100.30833333300001,100.30833333300001,False,Sunday
2025-04-28,729.0,698.0,8967.899999991,169.35,169.35,False,Monday
2025-04-29,730.0,699.0,8884.325000017,102.916666665,102.916666665,False,Tuesday
2025-04-30,731.0,700.0,9641.241666643,90.858333333,90.858333333,False,Wednesday
2025-05-02,732.0,701.0,5988.06,80.23,80.23,False,Friday
2025-05-03,733.0,702.0,7374.85,116.84,116.84,False,Saturday
2025-05-04,734.0,703.0,8165.44,100.17,100.17,False,Sunday
2025-05-06,735.0,704.0,7909.1,108.17,108.17,False,Tuesday
2025-05-07,736.0,705.0,8634.541666662,97.616666666,97.616666666,False,Wednesday
2025-05-08,737.0,706.0,9115.691666677,128.166666667,128.166666667,False,Thursday
2025-05-09,738.0,707.0,8118.783333334,110.274999999,110.274999999,False,Friday
2025-05-10,739.0,708.0,8831.833333319,101.566666666,101.566666666,False,Saturday
2025-05-11,740.0,709.0,11817.299999975,101.533333333,101.533333333,False,Sunday
2025-05-13,741.0,710.0,7540.441666649,133.75,133.75,False,Tuesday
2025-05-15,742.0,711.0,9329.983333332,112.383333334,112.383333334,False,Thursday
2025-05-16,743.0,712.0,6820.808333308,99.349999999,99.349999999,False,Friday
2025-05-17,744.0,713.0,7213.849999995,129.533333333,129.533333333,False,Saturday
2025-05-18,745.0,714.0,8448.666666643,110.299999999,110.299999999,False,Sunday
2025-05-20,746.0,715.0,6575.216666643,80.266666666,80.266666666,False,Tuesday
2025-05-21,747.0,716.0,7252.0916666680005,91.1,91.1,False,Wednesday
2025-05-22,748.0,717.0,8794.899999978,373.883333329,373.883333329,False,Thursday
2025-05-23,749.0,718.0,6983.724999962,150.816666666,150.816666666,False,Friday
2025-05-24,750.0,719.0,6746.783333291,151.86666666600001,151.86666666600001,False,Saturday
2025-05-25,751.0,720.0,9371.766666626,133.633333332,133.633333332,False,Sunday
2025-05-26,752.0,721.0,6400.974999939,132.299999999,132.299999999,False,Monday
2025-05-27,753.0,722.0,8049.291666607,91.383333332,91.383333332,False,Tuesday
2025-05-28,754.0,723.0,6419.349999987,58.566666666,58.566666666,False,Wednesday
2025-05-29,755.0,724.0,8182.308333324,81.525000001,81.525000001,False,Thursday
2025-05-30,756.0,725.0,8810.008333363001,69.191666666,69.191666666,False,Friday
2025-05-31,757.0,726.0,12075.14,114.48,114.48,False,Saturday
2025-06-01,758.0,727.0,2776.916666667,86.19166666699999,86.19166666699999,False,Sunday
2025-06-03,759.0,728.0,6123.174999969,110.791666663,110.791666663,False,Tuesday
2025-06-04,760.0,729.0,7700.124999973,86.533333333,86.533333333,False,Wednesday
2025-06-05,761.0,730.0,7139.133333331,113.8,113.8,False,Thursday
2025-06-06,762.0,731.0,7972.400000011,50.333333334,50.333333334,False,Friday
2025-06-07,763.0,732.0,8011.0333333319995,112.216666667,112.216666667,False,Saturday
2025-06-08,764.0,733.0,7908.68333335,42.2,42.2,False,Sunday
