fecha_reparto,cf_total,rechazo,dia_semana
2023-01-03,7632.549999999,69.66667,Tuesday
2023-01-04,11561.92500003,65.81667,Wednesday
2023-01-05,11584.525000035,91.47499,Thursday
2023-01-06,11219.091666664,124.11670000000001,Friday
2023-01-07,11295.283333351,121.075,Saturday
2023-01-08,10764.300000008,92.3166632,Sunday
2023-01-10,10188.883333356,114.83333,Tuesday
2023-01-11,15994.116666684,120.8167036,Wednesday
2023-01-12,16369.541666665,112.000007,Thursday
2023-01-13,11517.533333334,93.76666,Friday
2023-01-14,16825.216666701,194.716666,Saturday
2023-01-15,11543.358333306,149.66667,Sunday
2023-01-17,10212.92499997,78.75,Tuesday
2023-01-19,11287.299999993,88.1416633,Thursday
2023-01-20,9001.6833333,89.9833463,Friday
2023-01-21,15855.908333345,100.17501,Saturday
2023-01-22,11110.291666643,108.050003,Sunday
2023-01-24,8194.308333323,101.6166633,Tuesday
2023-01-25,9461.849999951,119.825,Wednesday
2023-01-26,12822.30833332,109.26666,Thursday
2023-01-27,11742.291666634,84.69167,Friday
2023-01-28,14684.958333302,126.53333,Saturday
2023-01-29,10774.241666633,114.874967,Sunday
2023-01-31,10155.166666668,116.66667,Tuesday
2023-02-01,9754.96666665,135.1666633,Wednesday
2023-02-02,10910.599999986,118.8749967,Thursday
2023-02-03,9287.616666652,110.9582967,Friday
2023-02-04,12246.20833328,210.749997,Saturday
2023-02-05,13382.041666675,91.9166633,Sunday
2023-02-07,11846.091666672,102.44167,Tuesday
2023-02-08,11226.416666614,173.1416736,Wednesday
2023-02-09,12661.341666559,72.68333,Thursday
2023-02-10,10633.766666641,44.875,Friday
2023-02-11,17678.99999999,73.2333333,Saturday
2023-02-12,11737.575000006,72.75,Sunday
2023-02-14,9236.091666645,81.70833999999999,Tuesday
2023-02-15,11411.883333307,110.3916636,Wednesday
2023-02-16,14197.841666643,67.89999,Thursday
2023-02-17,12068.491666611,98.199997,Friday
2023-02-18,17094.458333267,95.0083296,Saturday
2023-02-19,12540.241666594,56.533337,Sunday
2023-02-21,9650.808333288,97.92499,Tuesday
2023-02-22,12231.866666626,123.34166,Wednesday
2023-02-23,13761.391666616,163.81667,Thursday
2023-02-24,15667.483333271,51.824996999999996,Friday
2023-02-25,21723.40833329,120.2750003,Saturday
2023-02-26,16567.324999955,111.24163300000001,Sunday
2023-02-28,15150.258333311,72.083333,Tuesday
2023-03-01,9439.54999997,105.016664,Wednesday
2023-03-02,10366.699999999,66.9166673,Thursday
2023-03-03,10106.183333337,71.9999936,Friday
2023-03-04,10403.233333333,84.1916763,Saturday
2023-03-05,10341.341666649,85.7749967,Sunday
2023-03-07,10514.724999992999,91.4,Tuesday
2023-03-08,12896.616666609,168.099987,Wednesday
2023-03-09,15777.308333341,110.3666573,Thursday
2023-03-10,13959.391666622,99.9500033,Friday
2023-03-11,21052.241666626,177.341627,Saturday
2023-03-12,15581.63333334,137.5166663,Sunday
2023-03-14,9996.924999956,138.649963,Tuesday
2023-03-15,12005.341666633,154.308323,Wednesday
2023-03-16,14835.141666636,147.4499963,Thursday
2023-03-17,11509.533333266,72.15833,Friday
2023-03-18,14598.40833335,120.69167,Saturday
2023-03-19,12477.666666653,127.1833233,Sunday
2023-03-21,11817.583333307,165.433323,Tuesday
2023-03-22,10610.56666664,153.23333,Wednesday
2023-03-23,11244.874999992,94.3583233,Thursday
2023-03-24,10816.791666659,116.3749863,Friday
2023-03-25,13348.941666633,130.5500066,Saturday
2023-03-26,11373.224999963,81.908323,Sunday
2023-03-28,10939.041666623,127.80833,Tuesday
2023-03-29,15915.591666577,1353.3249827,Wednesday
2023-03-30,13636.524999969,1071.058453,Thursday
2023-03-31,11998.583333272,122.2500073,Friday
2023-04-01,9553.66666665,184.2749707,Saturday
2023-04-02,8950.850000014,1568.96703,Sunday
2023-04-04,8833.324999991,148.6500007,Tuesday
2023-04-05,10368.966666646,121.2499933,Wednesday
2023-04-06,11540.558333346,129.9499939,Thursday
2023-04-07,10544.033333329,81.233334,Friday
2023-04-08,11690.916666652,167.6667063,Saturday
2023-04-09,11279.116666635,94.10000000000001,Sunday
2023-04-10,8218.000000019,123.84997,Monday
2023-04-11,8950.500000003,59.7416697,Tuesday
2023-04-12,9980.62499997,58.749990000000004,Wednesday
2023-04-13,9229.941666671,70.208333,Thursday
2023-04-14,13902.741666644999,92.7167,Friday
2023-04-16,9324.583333318,107.8666737,Sunday
2023-04-18,10325.358333324,73.5000033,Tuesday
2023-04-19,10156.708333324,88.0,Wednesday
2023-04-20,9897.991666636,79.6749966,Thursday
2023-04-21,10361.541666625,55.4250003,Friday
2023-04-22,12564.449999942999,61.625000299999996,Saturday
2023-04-23,11772.649999954,139.550033,Sunday
2023-04-25,7976.433333296,75.7916567,Tuesday
2023-04-26,8677.416666643,95.800001,Wednesday
2023-04-27,10872.083333318,86.5749966,Thursday
2023-04-28,10055.900000021,71.224993,Friday
2023-04-29,13717.166666628,276.8583363,Saturday
2023-04-30,10383.491666627,172.124987,Sunday
2023-05-02,5591.35,211.6666667,Tuesday
2023-05-03,7626.724999997,149.349997,Wednesday
2023-05-04,9444.000000021,205.45834,Thursday
2023-05-05,8985.950000027,204.3416593,Friday
2023-05-06,8752.483333339,172.0166668,Saturday
2023-05-07,15979.71666667,251.591667,Sunday
2023-05-09,10993.083333318,202.625,Tuesday
2023-05-10,8095.541666659,160.6083367,Wednesday
2023-05-11,9832.591666668,105.0,Thursday
2023-05-12,9813.941666657,114.37499700000001,Friday
2023-05-13,15272.158333334999,108.525,Saturday
2023-05-14,10044.591666669001,153.0250033,Sunday
2023-05-16,7394.225000009,124.50833,Tuesday
2023-05-17,7773.84166665,105.2499973,Wednesday
2023-05-18,10346.783333304,84.066663,Thursday
2023-05-19,9266.158333313,142.78333,Friday
2023-05-20,9966.116666662,109.1666663,Saturday
2023-05-21,9798.849999988,148.741666,Sunday
2023-05-23,8431.958333319,128.6833336,Tuesday
2023-05-24,7452.724999968,125.19166,Wednesday
2023-05-25,10537.416666651,89.9833233,Thursday
2023-05-26,8465.91666664,86.5583267,Friday
2023-05-27,11572.383333297,142.133323,Saturday
2023-05-28,11064.841666655,76.124995,Sunday
2023-05-30,6594.474999971,84.8750033,Tuesday
2023-05-31,7402.366666653,109.3250043,Wednesday
2023-06-01,8443.37499999,126.250007,Thursday
2023-06-02,7083.208333339,72.16666000000001,Friday
2023-06-03,7107.716666653,79.96667,Saturday
2023-06-04,7427.391666704,103.7916333,Sunday
2023-06-06,6632.908333344,75.924993,Tuesday
2023-06-07,7144.433333342,95.516674,Wednesday
2023-06-08,11836.050000001,72.6083333,Thursday
2023-06-09,9419.983333328999,86.4500063,Friday
2023-06-10,14360.191666666,76.8333337,Saturday
2023-06-11,9768.324999991,75.5749993,Sunday
2023-06-13,6221.691666659,108.741707,Tuesday
2023-06-14,6983.750000002,67.116664,Wednesday
2023-06-15,7695.933333325,76.54166430000001,Thursday
2023-06-16,7474.391666675,60.4833333,Friday
2023-06-17,10858.433333309,65.6833203,Saturday
2023-06-18,12026.416666648,95.9833229,Sunday
2023-06-20,7177.950000022,83.133327,Tuesday
2023-06-21,6883.799999993,211.7416596,Wednesday
2023-06-22,8767.633333323,74.0666666,Thursday
2023-06-23,9143.566666674,78.458328,Friday
2023-06-24,13096.483333328,96.4499967,Saturday
2023-06-25,12410.416666613,65.7249987,Sunday
2023-06-27,8693.00833328,109.691673,Tuesday
2023-06-28,7543.008333224,114.7000019,Wednesday
2023-06-29,10694.183333277,265.0583383,Thursday
2023-06-30,8920.19166658,58.4,Friday
2023-07-01,7064.299999951,78.283337,Saturday
2023-07-02,9720.266666662,83.775007,Sunday
2023-07-04,7148.300000025,48.499997,Tuesday
2023-07-05,7790.333333331,58.1917,Wednesday
2023-07-06,9240.208333335,91.18333990000001,Thursday
2023-07-07,7667.733333345,79.024987,Friday
2023-07-08,13765.224999984,86.3000033,Saturday
2023-07-09,15073.016666678,95.9583262,Sunday
2023-07-11,16592.774999975998,101.9166733,Tuesday
2023-07-12,6496.049999997,198.7833167,Wednesday
2023-07-13,7679.658333345,106.333327,Thursday
2023-07-14,7327.04166667,163.7916703,Friday
2023-07-15,7141.675000004,159.3333433,Saturday
2023-07-16,9495.516666673,155.566663,Sunday
2023-07-18,5683.000000002,175.208317,Tuesday
2023-07-19,6919.150000014,129.258327,Wednesday
2023-07-20,8683.616666685,178.3083746,Thursday
2023-07-21,6911.091666696,191.9166073,Friday
2023-07-22,8101.750000008,227.5249903,Saturday
2023-07-23,10029.750000015,234.7083323,Sunday
2023-07-25,6298.650000023,181.3500099,Tuesday
2023-07-26,7406.375000003,126.891667,Wednesday
2023-07-27,13181.316666658,243.3499833,Thursday
2023-07-28,8188.208333334,156.324997,Friday
2023-07-30,11594.058333325,98.258329,Sunday
2023-08-01,6884.541666668,143.5333132,Tuesday
2023-08-02,7488.033333345,114.5749966,Wednesday
2023-08-03,10438.133333348,257.9832863,Thursday
2023-08-04,7410.666666679,108.7083462,Friday
2023-08-05,6739.966666679,96.625043,Saturday
2023-08-06,9349.558333348,110.04166,Sunday
2023-08-08,6945.516666704,112.1583203,Tuesday
2023-08-09,7226.041666657,95.5666607,Wednesday
2023-08-10,12592.458333344,93.2750096,Thursday
2023-08-11,9596.350000004,93.4250066,Friday
2023-08-12,16828.125000045,67.783324,Saturday
2023-08-13,10807.225000006,101.2416676,Sunday
2023-08-15,7319.708333347,75.5750004,Tuesday
2023-08-16,7528.274999974,82.158324,Wednesday
2023-08-17,8839.383333298,58.083337,Thursday
2023-08-18,8286.141666658,94.550003,Friday
2023-08-19,8363.924999992,84.416704,Saturday
2023-08-20,10029.416666673,108.6750033,Sunday
2023-08-22,6358.166666641,52.041667,Tuesday
2023-08-23,7364.8750000029995,95.83333999999999,Wednesday
2023-08-24,9871.516666642001,83.291667,Thursday
2023-08-25,7702.591666666,89.93333,Friday
2023-08-26,11111.299999991,95.208363,Saturday
2023-08-27,9135.383333331,114.7416503,Sunday
2023-08-29,6681.483333342,144.0583237,Tuesday
2023-08-30,10558.733333281,107.46667,Wednesday
2023-08-31,12122.333333318,65.33333,Thursday
2023-09-01,6845.983333325,76.175,Friday
2023-09-02,6307.533333302,53.5833333,Saturday
2023-09-03,7527.499999976,56.041663299999996,Sunday
2023-09-05,6312.0583333,85.33333,Tuesday
2023-09-06,7179.091666688,89.5416666,Wednesday
2023-09-07,11316.941666642,92.0916633,Thursday
2023-09-08,8643.858333354001,123.675003,Friday
2023-09-09,11779.900000023,186.09999,Saturday
2023-09-10,7779.408333326,95.2750002,Sunday
2023-09-12,6661.983333339,146.3999933,Tuesday
2023-09-13,7837.03333331,128.95833,Wednesday
2023-09-14,9775.883333342,118.491664,Thursday
2023-09-15,9307.799999983,101.158334,Friday
2023-09-16,10096.841666661,85.5333333,Saturday
2023-09-17,8773.441666678,92.5249933,Sunday
2023-09-19,7294.958333332,140.0416663,Tuesday
2023-09-20,7046.166666655,96.850001,Wednesday
2023-09-21,12059.008333315,76.1749973,Thursday
2023-09-22,9405.183333325,89.4833169,Friday
2023-09-23,9923.816666662,80.29166000000001,Saturday
2023-09-24,8189.233333307,67.7500033,Sunday
2023-09-26,9450.283333247,96.5666733,Tuesday
2023-09-27,9746.458333314,518.2416633,Wednesday
2023-09-28,12401.691666666,118.983334,Thursday
2023-09-29,10643.808333376,105.5416693,Friday
2023-09-30,10101.300000016,138.166671,Saturday
2023-10-01,7418.46666666,55.9833366,Sunday
2023-10-03,6488.283333356,99.908331,Tuesday
2023-10-04,7314.025000002,70.6249996,Wednesday
2023-10-05,8521.016666672,79.6750033,Thursday
2023-10-06,6683.333333326,134.6166766,Friday
2023-10-07,11286.416666629,127.70833,Saturday
2023-10-08,12522.574999954,147.5166564,Sunday
2023-10-10,9634.566666628,107.6250073,Tuesday
2023-10-11,8144.808333303,65.6666633,Wednesday
2023-10-12,8342.524999965,106.5416613,Thursday
2023-10-13,8064.633333305,89.991664,Friday
2023-10-14,10829.708333331,88.283334,Saturday
2023-10-15,9548.100000021,223.40834,Sunday
2023-10-17,6976.791666689,96.566677,Tuesday
2023-10-18,7811.008333277,131.158333,Wednesday
2023-10-19,11795.099999966,89.941657,Thursday
2023-10-20,8945.141666634,164.2916703,Friday
2023-10-21,11647.008333321999,110.583331,Saturday
2023-10-22,10298.866666656,154.833337,Sunday
2023-10-24,7257.108333338,92.74999389999999,Tuesday
2023-10-25,8540.15000001,108.6166637,Wednesday
2023-10-26,11143.258333272,88.7833269,Thursday
2023-10-27,8224.724999966,91.425007,Friday
2023-10-28,11285.374999922,173.866607,Saturday
2023-10-29,10289.90833326,141.78333370000001,Sunday
2023-10-31,8151.766666581,91.28331,Tuesday
2023-11-01,8216.591666654,149.6749936,Wednesday
2023-11-02,7757.416666651,89.99999,Thursday
2023-11-03,7198.949999988,96.5583297,Friday
2023-11-04,10210.258333323,104.71666330000001,Saturday
2023-11-05,12987.283333274,177.0083367,Sunday
2023-11-07,9186.899999998,195.416663,Tuesday
2023-11-08,8240.358333308,136.8999896,Wednesday
2023-11-09,10893.908333363,143.2083136,Thursday
2023-11-10,10156.858333301,85.2083226,Friday
2023-11-11,12064.199999890001,99.9749872,Saturday
2023-11-12,10871.549999956,146.6083106,Sunday
2023-11-14,8797.599999985,110.824993,Tuesday
2023-11-15,8188.991666653,169.95,Wednesday
2023-11-16,10189.583333306,171.3750032,Thursday
2023-11-17,8953.766666617,98.78333,Friday
2023-11-18,10316.749999958,131.733333,Saturday
2023-11-19,11964.291666608,133.2999936,Sunday
2023-11-21,8704.11666663,86.7833196,Tuesday
2023-11-22,8329.24999997,124.5083243,Wednesday
2023-11-23,13037.966666631,107.074991,Thursday
2023-11-24,11117.591666614,124.458327,Friday
2023-11-25,11847.358333317,122.0749996,Saturday
2023-11-26,8705.66666665,73.041667,Sunday
2023-11-28,10068.724999941,105.1249907,Tuesday
2023-11-29,11165.349999945,78.041667,Wednesday
2023-11-30,14932.683333277,146.77499699999998,Thursday
2023-12-01,7009.89166665,120.950007,Friday
2023-12-02,7421.691666664,96.4999999,Saturday
2023-12-03,8960.499999981,90.058334,Sunday
2023-12-05,7026.874999986,100.949993,Tuesday
2023-12-06,8857.824999985,167.4833309,Wednesday
2023-12-07,10772.199999987,165.5249996,Thursday
2023-12-08,8092.366666658,73.025,Friday
2023-12-09,13818.216666615,120.525001,Saturday
2023-12-10,14440.149999947,101.2999903,Sunday
2023-12-11,10613.79166664,151.35835,Monday
2023-12-12,9856.283333301,79.5833233,Tuesday
2023-12-13,8760.43333328,121.66666000000001,Wednesday
2023-12-14,12159.766666646,164.4416643,Thursday
2023-12-15,12970.274999949,91.208327,Friday
2023-12-16,9551.108333317,185.158333,Saturday
2023-12-17,9975.541666644,103.45832300000001,Sunday
2023-12-18,15490.216666631999,208.79166,Monday
2023-12-19,11997.774999988,156.4249766,Tuesday
2023-12-20,10630.974999935,352.766656,Wednesday
2023-12-21,14837.349999983,164.5749737,Thursday
2023-12-22,15565.308333278,183.5083196,Friday
2023-12-23,10778.791666617,124.3416633,Saturday
2023-12-24,13651.333333271,179.874984,Sunday
2023-12-26,10038.899999913,132.4749869,Tuesday
2023-12-27,14508.71666662,131.4833163,Wednesday
2023-12-28,11498.624999965,142.749976,Thursday
2023-12-29,16342.183333309,254.999996,Friday
2023-12-30,11058.124999959,102.09166330000001,Saturday
2023-12-31,12487.041666654,215.3666423,Sunday
2024-01-02,6912.758333295,872.3499799,Tuesday
2024-01-03,7231.408333293,63.416667000000004,Wednesday
2024-01-04,9162.391666619,107.683334,Thursday
2024-01-05,10188.858333293,78.3833403,Friday
2024-01-06,9377.499999959,100.666609,Saturday
2024-01-07,14835.09999993,153.016664,Sunday
2024-01-09,14937.366666613,117.9166563,Tuesday
2024-01-10,8763.441666638,116.8416524,Wednesday
2024-01-11,10513.416666647,93.916674,Thursday
2024-01-12,8735.04999998,75.62499,Friday
2024-01-13,11261.291666637,83.7916633,Saturday
2024-01-14,11925.358333321,103.37499,Sunday
2024-01-16,9127.641666642001,130.991658,Tuesday
2024-01-17,10450.149999978,140.2083233,Wednesday
2024-01-18,10616.058333332,125.7416636,Thursday
2024-01-19,10137.849999978,189.4750302,Friday
2024-01-20,10870.249999964,113.0583136,Saturday
2024-01-21,10797.833333266999,349.13331999999997,Sunday
2024-01-23,8808.449999952,136.374937,Tuesday
2024-01-24,10125.366666606,167.0166496,Wednesday
2024-01-25,11971.116666631,78.7999963,Thursday
2024-01-26,8938.174999962,73.4666566,Friday
2024-01-27,12337.608333267,82.1916564,Saturday
2024-01-28,13912.958333277,106.44167,Sunday
2024-01-30,11124.366666572,113.6916333,Tuesday
2024-01-31,12277.183333276,130.9583333,Wednesday
2024-02-01,9409.166666627,130.9,Thursday
2024-02-02,8504.624999987,92.60832,Friday
2024-02-03,8566.808333295,52.1916597,Saturday
2024-02-04,11819.333333289,91.383326,Sunday
2024-02-06,10088.483333313,116.0499963,Tuesday
2024-02-07,10520.333333253,119.291656,Wednesday
2024-02-08,13845.883333286,74.366647,Thursday
2024-02-09,11998.624999907,123.0916503,Friday
2024-02-10,15513.758333296,151.75833,Saturday
2024-02-11,14137.666666613,150.1999537,Sunday
2024-02-13,8787.67499997,132.825,Tuesday
2024-02-14,13162.04999994,148.89999,Wednesday
2024-02-15,12889.399999975,98.89166,Thursday
2024-02-16,10856.574999923,80.8249933,Friday
2024-02-17,11372.483333275,248.941657,Saturday
2024-02-18,13074.43333331,90.9166736,Sunday
2024-02-20,9810.716666587,123.89166,Tuesday
2024-02-21,12502.249999954,150.9749907,Wednesday
2024-02-22,16331.399999939,193.3499897,Thursday
2024-02-23,13274.441666618,199.283327,Friday
2024-02-24,15841.65833326,116.29166670000001,Saturday
2024-02-25,15713.441666571,308.1416506,Sunday
2024-02-27,12312.574999923,95.7499996,Tuesday
2024-02-28,14103.708333241,194.30834,Wednesday
2024-03-01,10742.916666661,131.416666,Friday
2024-03-02,10174.091666631,109.791667,Saturday
2024-03-03,10202.199999987,99.79167,Sunday
2024-03-04,12381.816666651,158.5166667,Monday
2024-03-06,9585.633333301,87.5083346,Wednesday
2024-03-07,16067.891666642,120.80833369999999,Thursday
2024-03-08,18501.591666647,124.5999903,Friday
2024-03-09,13342.250000013999,137.83333,Saturday
2024-03-10,14272.474999976,193.9666606,Sunday
2024-03-11,15093.833333319,707.7249856,Monday
2024-03-13,10750.441666629,1033.033327,Wednesday
2024-03-14,14170.633333299,7986.1997312,Thursday
2024-03-15,9940.791666646,287.099963,Friday
2024-03-16,12644.349999961,108.525,Saturday
2024-03-17,20155.616666586,2117.833141,Sunday
2024-03-18,16461.024999946,229.61666,Monday
2024-03-20,21265.941666607,199.56666,Wednesday
2024-03-21,13950.249999984,165.2166607,Thursday
2024-03-22,13330.458333286,437.9833126,Friday
2024-03-23,10642.699999974,152.7333276,Saturday
2024-03-24,12869.566666585,133.9916637,Sunday
2024-03-25,13092.749999958,293.9749929,Monday
2024-03-27,9006.066666661,127.78333,Wednesday
2024-03-28,17560.333333342,109.78333,Thursday
2024-03-29,15532.84999997,119.53333,Friday
2024-03-30,12915.483333343,154.174986,Saturday
2024-03-31,12785.874999974,79.125,Sunday
2024-04-01,11648.29166665,143.2416733,Monday
2024-04-03,9293.67499999,133.0833303,Wednesday
2024-04-04,13220.083333324,136.0666666,Thursday
2024-04-05,18407.591666617,411.2916666,Friday
2024-04-06,12492.308333304,513.0082903,Saturday
2024-04-08,18682.333333312,415.6583063,Monday
2024-04-10,18505.408333307,221.83333,Wednesday
2024-04-11,17921.391666637,195.2666563,Thursday
2024-04-12,19602.166666622,232.9333343,Friday
2024-04-13,13616.166666616,155.4416573,Saturday
2024-04-14,13463.366666617,60.775001,Sunday
2024-04-15,16814.499999957,142.45833,Monday
2024-04-17,9594.549999961,85.43332,Wednesday
2024-04-18,12785.233333331,71.7249967,Thursday
2024-04-19,14694.208333271,162.4166709,Friday
2024-04-20,13201.966666641,135.958333,Saturday
2024-04-21,15055.449999969,110.0416666,Sunday
2024-04-22,15573.199999962,121.5166566,Monday
2024-04-24,10115.5583333,374.92496,Wednesday
2024-04-25,11201.049999968,100.08333400000001,Thursday
2024-04-26,15542.574999963,153.308317,Friday
2024-04-27,11103.491666616,58.0583303,Saturday
2024-04-28,12751.291666554,93.78332,Sunday
2024-04-29,13135.174999951,236.3999669,Monday
2024-05-02,9691.883333328,172.4666666,Thursday
2024-05-03,12257.866666676,191.6250003,Friday
2024-05-04,12000.949999983,124.2666603,Saturday
2024-05-05,19213.09166661,134.7749967,Sunday
2024-05-06,16497.741666641,635.1249196,Monday
2024-05-08,13493.908333277,83.9166673,Wednesday
2024-05-09,11910.233333263,148.6083366,Thursday
2024-05-10,12499.816666663,288.3666646,Friday
2024-05-11,9879.591666661,101.824997,Saturday
2024-05-12,12151.991666659,199.6583306,Sunday
2024-05-13,13842.991666662,169.2749939,Monday
2024-05-15,8664.699999984,155.8250003,Wednesday
2024-05-16,11739.374999989,166.35833,Thursday
2024-05-17,12266.549999964,111.6083303,Friday
2024-05-18,9196.966666627999,95.4166576,Saturday
2024-05-19,11853.691666675,124.7416636,Sunday
2024-05-20,12429.783333324,180.7249934,Monday
2024-05-22,9877.366666667,93.90833,Wednesday
2024-05-23,10746.416666656,144.2416736,Thursday
2024-05-24,12766.741666665,189.4416666,Friday
2024-05-25,9799.916666654999,97.874997,Saturday
2024-05-26,10401.599999982,127.15833,Sunday
2024-05-27,12062.199999978,404.1749933,Monday
2024-05-29,7990.474999992,99.28333,Wednesday
2024-05-30,9377.716666643,180.866657,Thursday
2024-05-31,9465.149999994,97.79167,Friday
2024-06-01,7142.566666666,94.00000059999999,Saturday
2024-06-02,8624.824999995,71.9583367,Sunday
2024-06-03,9917.708333332,199.400004,Monday
2024-06-05,7771.599999992,144.1750003,Wednesday
2024-06-06,9524.049999981,122.5416633,Thursday
2024-06-07,13792.766666644,170.2749933,Friday
2024-06-08,13546.841666637,124.9166503,Saturday
2024-06-09,11894.149999976,174.108333,Sunday
2024-06-10,12223.274999975,102.4916603,Monday
2024-06-12,11193.541666639,147.316661,Wednesday
2024-06-13,10989.866666652,96.06666,Thursday
2024-06-14,13316.51666663,109.033334,Friday
2024-06-15,9023.841666659,127.7832973,Saturday
2024-06-16,9020.908333327001,128.291667,Sunday
2024-06-17,11616.024999994,210.1249936,Monday
2024-06-19,7969.158333322,149.6166666,Wednesday
2024-06-20,9583.933333275,118.29166670000001,Thursday
2024-06-21,10522.908333312,150.7749936,Friday
2024-06-22,9862.191666639,219.4249934,Saturday
2024-06-23,7883.533333313,142.8999963,Sunday
2024-06-24,11216.666666652,168.5166563,Monday
2024-06-26,7009.84999998,217.5416673,Wednesday
2024-06-27,10859.749999985,218.8749823,Thursday
2024-06-28,14287.724999978,227.383317,Friday
2024-06-29,9553.341666646,286.9166633,Saturday
2024-06-30,8217.041666651,172.3333327,Sunday
2024-07-01,7997.583333332,181.1333367,Monday
2024-07-03,7246.149999998,132.2500033,Wednesday
2024-07-04,8983.766666655,168.6250036,Thursday
2024-07-05,10525.900000001,132.6166703,Friday
2024-07-06,8141.591666673,89.4583336,Saturday
2024-07-07,11525.991666669,148.508334,Sunday
2024-07-08,14319.508333337,104.2416667,Monday
2024-07-10,9959.15,102.8750036,Wednesday
2024-07-11,10537.608333328,213.125,Thursday
2024-07-12,10360.116666663,176.5249973,Friday
2024-07-13,9779.224999991,81.791667,Saturday
2024-07-14,8662.941666658,100.199997,Sunday
2024-07-15,10520.224999991,110.2416663,Monday
2024-07-17,7191.983333323,126.6833333,Wednesday
2024-07-18,9861.983333315,84.6499933,Thursday
2024-07-19,13152.833333309,134.4833299,Friday
2024-07-20,11711.716666641,93.1083709,Saturday
2024-07-21,9460.633333312,146.38333,Sunday
2024-07-22,11283.249999985,174.899997,Monday
2024-07-24,8172.091666586,163.69163,Wednesday
2024-07-25,12014.658333312,75.608327,Thursday
2024-07-26,14587.008333285,312.108327,Friday
2024-07-27,14458.69166664,200.9083343,Saturday
2024-07-28,10492.624999997,143.6166603,Sunday
2024-07-31,13249.458333312,246.1416633,Wednesday
2024-08-01,8405.858333336,278.6583303,Thursday
2024-08-02,8347.391666659,149.0833333,Friday
2024-08-03,9770.758333335,155.208332,Saturday
2024-08-04,11086.874999993,123.83333,Sunday
2024-08-05,10954.358333327,108.941673,Monday
2024-08-07,12812.924999994,115.866657,Wednesday
2024-08-08,8485.675,92.699994,Thursday
2024-08-09,11189.250000009,142.875,Friday
2024-08-10,8088.633333343,86.49167,Saturday
2024-08-11,8833.741666678001,123.7500003,Sunday
2024-08-12,9764.841666672,133.6916703,Monday
2024-08-14,6518.008333334,92.4166663,Wednesday
2024-08-15,7838.649999994,292.3749996,Thursday
2024-08-16,11339.966666664,153.4499966,Friday
2024-08-17,9084.65,134.8666636,Saturday
2024-08-18,9961.475000009,77.6250067,Sunday
2024-08-19,10164.491666672,94.1583297,Monday
2024-08-21,8349.99166666,116.6166633,Wednesday
2024-08-22,8353.333333295,170.183327,Thursday
2024-08-23,9352.574999971,122.916667,Friday
2024-08-24,10387.941666647,184.5500006,Saturday
2024-08-25,8668.274999986,117.7083366,Sunday
2024-08-26,10020.974999984,165.2666639,Monday
2024-08-28,8484.93333332,153.949993,Wednesday
2024-08-29,9898.866666664,177.466667,Thursday
2024-08-30,11498.49999998,141.4083335,Friday
2024-08-31,10130.416666654,113.558327,Saturday
2024-09-01,6466.15,88.67,Sunday
2024-09-02,7849.18,128.82,Monday
2024-09-04,7012.03,142.36,Wednesday
2024-09-05,8015.79,66.03,Thursday
2024-09-06,10754.17,59.66,Friday
2024-09-07,8981.8,67.0,Saturday
2024-09-08,9871.550000000001,47.0,Sunday
2024-09-09,9941.84,67.32,Monday
2024-09-11,7835.33,66.14,Wednesday
2024-09-12,8091.82,48.56,Thursday
2024-09-13,9521.67,57.88,Friday
2024-09-14,8557.24,28.0,Saturday
2024-09-15,8465.87,51.839999999999996,Sunday
2024-09-16,9821.76,73.22,Monday
2024-09-18,8216.87,68.83,Wednesday
2024-09-19,9762.3,70.0,Thursday
2024-09-20,9060.63,62.0,Friday
2024-09-21,9178.88,75.58,Saturday
2024-09-22,8377.02,53.21,Sunday
2024-09-23,10258.92,75.36,Monday
2024-09-25,7429.43,64.42,Wednesday
2024-09-26,11776.14,66.25,Thursday
2024-09-27,9220.67,78.62,Friday
2024-09-28,9579.13,77.51,Saturday
2024-09-29,10142.58,84.26,Sunday
2024-09-30,12127.0,75.84,Monday
2024-10-01,7418.46666666,55.9833366,Tuesday
2024-10-03,6488.283333356,99.908331,Thursday
2024-10-04,7314.025000002,70.6249996,Friday
2024-10-05,8521.016666672,79.6750033,Saturday
2024-10-06,6683.333333326,134.6166766,Sunday
2024-10-07,11286.416666629,127.70833,Monday
2024-10-08,12522.574999954,147.5166564,Tuesday
2024-10-10,9634.566666628,107.6250073,Thursday
2024-10-11,8144.808333303,65.6666633,Friday
2024-10-12,8342.524999965,106.5416613,Saturday
2024-10-13,8064.633333305,89.991664,Sunday
2024-10-14,10829.708333331,88.283334,Monday
2024-10-15,9548.100000021,223.40834,Tuesday
2024-10-17,6976.791666689,96.566677,Thursday
2024-10-18,7811.008333277,131.158333,Friday
2024-10-19,11795.099999966,89.941657,Saturday
2024-10-20,8945.141666634,164.2916703,Sunday
2024-10-21,11647.008333321999,110.583331,Monday
2024-10-22,10298.866666656,154.833337,Tuesday
2024-10-24,7257.108333338,92.74999389999999,Thursday
2024-10-25,8540.15000001,108.6166637,Friday
2024-10-26,11143.258333272,88.7833269,Saturday
2024-10-27,8224.724999966,91.425007,Sunday
2024-10-28,11285.374999922,173.866607,Monday
2024-10-29,10289.90833326,141.78333370000001,Tuesday
2024-10-31,8151.766666581,91.28331,Thursday
2024-11-01,7471.59,190.68,Friday
2024-11-02,6483.69,74.27,Saturday
2024-11-03,7532.78,117.34,Sunday
2024-11-04,8564.47,90.06,Monday
2024-11-06,7124.61,56.1,Wednesday
2024-11-07,7866.47,79.27,Thursday
2024-11-08,12641.24,91.26,Friday
2024-11-09,8790.7,114.36,Saturday
2024-11-10,11254.039999999999,136.06,Sunday
2024-11-11,11313.73,87.01,Monday
2024-11-12,8508.93,139.62,Tuesday
2024-11-13,10314.05,108.67,Wednesday
2024-11-14,11013.63,81.7,Thursday
2024-11-15,10354.62,107.0,Friday
2024-11-16,8921.91,86.07,Saturday
2024-11-17,7702.1,142.05,Sunday
2024-11-20,7658.44,108.2,Wednesday
2024-11-21,9150.26,135.85,Thursday
2024-11-22,10751.99,85.56,Friday
2024-11-23,9107.2,75.77,Saturday
2024-11-24,9365.460000000001,119.7,Sunday
2024-11-25,10358.12,160.59,Monday
2024-11-26,7159.94,123.78,Tuesday
2024-11-27,7364.06,87.17,Wednesday
2024-11-28,10205.36,117.86,Thursday
2024-11-29,7686.85,102.16,Friday
2024-11-30,9497.909999992,107.5,Saturday
2024-12-01,7491.116666666,95.5,Sunday
2024-12-02,5950.01,74.25,Monday
2024-12-04,7117.84,102.9,Wednesday
2024-12-05,11919.21,59.2,Thursday
2024-12-06,9906.53,71.58,Friday
2024-12-07,10656.97,53.0,Saturday
2024-12-08,12007.3,65.0,Sunday
2024-12-09,9064.29,63.62,Monday
2024-12-10,8962.03,66.02,Tuesday
2024-12-11,10269.01,47.09,Wednesday
2024-12-12,8869.81,62.11,Thursday
2024-12-13,8530.66,61.83,Friday
2024-12-14,11255.539999999999,63.5,Saturday
2024-12-15,7520.6,49.629999999999995,Sunday
2024-12-16,9537.64,38.0,Monday
2024-12-17,10939.81,88.06,Tuesday
2024-12-18,10450.18,66.12,Wednesday
2024-12-19,10148.8,55.13,Thursday
2024-12-20,13994.42,107.33,Friday
2024-12-21,12267.44,89.79,Saturday
2024-12-22,12781.49,74.25,Sunday
2024-12-23,13386.37,145.54,Monday
2024-12-24,9556.94,83.67,Tuesday
2024-12-26,10388.09,180.14000000000001,Thursday
2024-12-27,12972.96,94.25,Friday
2024-12-28,12448.58,76.67,Saturday
2024-12-29,15207.63,95.94,Sunday
2024-12-30,13457.916666653,139.54166,Monday
2024-12-31,13186.683333323,176.324997,Tuesday
2025-01-03,8764.208333328,93.5,Friday
2025-01-04,9092.625000014,89.525,Saturday
2025-01-05,13560.599999976,98.0,Sunday
2025-01-06,12218.041666649,93.06666,Monday
2025-01-08,11773.98333332,79.40833,Wednesday
2025-01-09,14683.641666598,97.966663,Thursday
2025-01-10,12504.541666709,102.58333,Friday
2025-01-11,10260.416666641,125.25833,Saturday
2025-01-12,9868.841666639,99.74163300000001,Sunday
2025-01-13,13226.666666615,174.39996,Monday
2025-01-15,10078.141666616,87.25,Wednesday
2025-01-16,12736.316666626,117.04167,Thursday
2025-01-17,11159.133333289,139.36666,Friday
2025-01-18,11846.083333303,96.66667,Saturday
2025-01-19,10592.86666664,127.73333,Sunday
2025-01-20,10996.524999969,112.7,Monday
2025-01-22,10246.849999989,140.66667,Wednesday
2025-01-23,10775.983333311,78.366663,Thursday
2025-01-24,11661.633333292,104.65833,Friday
2025-01-25,11121.591666606,113.9749933,Saturday
2025-01-26,12229.241666634,123.074993,Sunday
2025-01-27,12811.908333274,128.03333,Monday
2025-01-29,10672.949999973,115.56666,Wednesday
2025-01-30,15952.949999965,144.81666,Thursday
2025-01-31,14921.508333275,166.55837,Friday
2025-02-01,10812.39,74.5,Saturday
2025-02-02,9385.78,92.86,Sunday
2025-02-03,10437.06,116.88,Monday
2025-02-05,11992.891666678,158.775,Wednesday
2025-02-06,13558.54166662,115.175,Thursday
2025-02-07,13981.508333324,72.81666,Friday
2025-02-08,13876.124999993,121.0,Saturday
2025-02-09,11545.041666624,85.58333329999999,Sunday
2025-02-10,13560.649999966,154.10831,Monday
2025-02-12,13649.208333291,137.63332,Wednesday
2025-02-13,13560.62,126.57,Thursday
2025-02-14,12695.941666638,125.44167,Friday
2025-02-15,11032.799999991,130.90833,Saturday
2025-02-16,12743.091666659,123.58333329999999,Sunday
2025-02-17,11481.02499996,102.03333,Monday
2025-02-19,11022.758333318001,112.666667,Wednesday
2025-02-20,14736.291666611,125.28333,Thursday
2025-02-21,14882.124999951,87.61666,Friday
2025-02-22,11148.033333284,120.96667,Saturday
2025-02-23,11047.83,154.81,Sunday
2025-02-24,14472.22,134.88,Monday
2025-02-26,11735.858333306,115.09999,Wednesday
2025-02-27,14133.641666295,364.09999,Thursday
2025-02-28,25406.57499993,301.63332,Friday
2025-03-01,8135.758333305,93.5,Saturday
2025-03-02,9034.649999964,101.5,Sunday
2025-03-04,8665.541666646,117.53333,Tuesday
2025-03-05,12754.883333314,179.0,Wednesday
2025-03-06,13962.29999997,156.78333,Thursday
2025-03-07,12517.866666656,120.53333,Friday
2025-03-08,10600.875,115.50001,Saturday
2025-03-09,12815.191666649,151.658343,Sunday
2025-03-11,8914.62,142.26,Tuesday
2025-03-12,11222.17,85.26,Wednesday
2025-03-13,12825.960000000001,135.4,Thursday
2025-03-14,12573.59,88.87,Friday
2025-03-15,9172.775000008,94.0,Saturday
2025-03-16,10090.074999971,61.3333333,Sunday
2025-03-18,8961.866666659,154.53333,Tuesday
2025-03-19,8682.808333292,144.78333,Wednesday
2025-03-20,10210.916666632,58.1,Thursday
2025-03-21,9469.224999984,63.0,Friday
2025-03-22,7513.808333333,62.666669999999996,Saturday
2025-03-23,10449.92499997,55.03333,Sunday
2025-03-24,7767.716666666,155.483343,Monday
2025-03-25,9038.966666661,52.03334,Tuesday
2025-03-26,8452.041666649,90.03333,Wednesday
2025-03-27,12213.716666655,76.466667,Thursday
2025-03-28,8772.166666697,93.7333367,Friday
2025-03-30,11245.900000025,83.73337000000001,Sunday
2025-03-31,9516.424999992,80.81667,Monday
2025-04-02,9970.591666651,107.78333,Wednesday
2025-04-03,10651.583333344,184.03333,Thursday
2025-04-04,9028.466666664,138.0,Friday
2025-04-05,10675.349999992,105.03333,Saturday
2025-04-06,14910.674999982,92.58333329999999,Sunday
2025-04-08,11233.933333318,129.63332,Tuesday
2025-04-09,8719.15833331,89.53333,Wednesday
2025-04-10,10273.116666638,121.53333,Thursday
2025-04-11,8330.349999978,123.10833,Friday
2025-04-12,8445.88333332,106.33333,Saturday
2025-04-13,10478.041666657,119.0,Sunday
2025-04-15,7214.816666658,114.116664,Tuesday
2025-04-16,9614.45833332,165.03333,Wednesday
2025-04-17,9319.666666645,139.66666,Thursday
2025-04-18,7639.549999978,87.53333,Friday
2025-04-19,8468.991666633,143.09999,Saturday
2025-04-20,12029.466666635,93.39999,Sunday
2025-04-22,7977.358333296,124.5,Tuesday
2025-04-23,9553.899999961,118.76666,Wednesday
2025-04-24,9835.466666633,124.133323,Thursday
2025-04-25,8334.533333251,133.41666,Friday
2025-04-26,8123.183333246,76.56666,Saturday
2025-04-27,10935.799999999,100.308333,Sunday
2025-04-28,8967.899999991,169.35,Monday
2025-04-29,8884.325000017,102.91665,Tuesday
2025-04-30,9641.241666643,90.858333,Wednesday
2025-05-02,5988.06,80.23,Friday
2025-05-03,7374.85,116.84,Saturday
2025-05-04,8165.44,100.17,Sunday
2025-05-06,7909.1,108.17,Tuesday
2025-05-07,8634.541666662,97.61666,Wednesday
2025-05-08,9115.691666677,128.16667,Thursday
2025-05-09,8118.783333334,110.27499,Friday
2025-05-10,8831.833333319,101.56666,Saturday
2025-05-11,11817.299999975,101.53333,Sunday
2025-05-13,7540.441666649,133.75,Tuesday
2025-05-15,9329.983333332,112.38334,Thursday
2025-05-16,6820.808333308,99.34999,Friday
2025-05-17,7213.849999995,129.53333,Saturday
2025-05-18,8448.666666643,110.2999933,Sunday
2025-05-20,6575.216666643,80.266663,Tuesday
2025-05-21,7252.0916666680005,91.1,Wednesday
2025-05-22,8794.899999978,373.88329,Thursday
2025-05-23,6983.724999962,150.816663,Friday
2025-05-24,6746.783333291,151.86666,Saturday
2025-05-25,9371.766666626,133.63332,Sunday
2025-05-26,6400.974999939,132.29999,Monday
2025-05-27,8049.291666607,91.383323,Tuesday
2025-05-28,6419.349999987,58.56666,Wednesday
2025-05-29,8182.308333324,81.52501,Thursday
2025-05-30,8810.008333363001,69.19166,Friday
2025-05-31,12075.14,114.48,Saturday
2025-06-01,2776.916666667,86.19167,Sunday
2025-06-02,58.34,58.34,Monday
2025-06-03,6166.704999969,154.321633,Tuesday
2025-06-04,7778.334999973,164.74333000000001,Wednesday
2025-06-05,7282.663333331,257.33,Thursday
2025-06-06,8062.680000011,140.61334,Friday
2025-06-07,14589.413333331999,201.596667,Saturday
2025-06-08,7908.68333335,42.2,Sunday
2025-06-09,7511.62,65.62,Monday
2025-06-10,6512.86,51.86,Tuesday
2025-06-11,7721.45,69.45,Wednesday
2025-06-12,9493.56,38.56,Thursday
2025-06-13,7211.59,60.59,Friday
2025-06-14,9846.48,79.48,Saturday
2025-06-16,12715.79,130.79,Monday
2025-06-17,6132.6,74.6,Tuesday
2025-06-18,7343.44,52.44,Wednesday
2025-06-19,6725.5,60.5,Thursday
2025-06-20,6186.37,39.37,Friday
2025-06-21,8545.74,73.74,Saturday
2025-06-23,9150.59,76.59,Monday
2025-06-24,8484.31,64.31,Tuesday
2025-06-25,11813.08,57.08,Wednesday
2025-06-26,10128.23,86.23,Thursday
2025-06-27,6804.0,55.0,Friday
2025-06-28,14218.72,112.72,Saturday
2025-06-30,10721.14,130.14,Monday
2025-07-01,4773.05665,96.05665,Tuesday
2025-07-02,7007.92332,67.92332,Wednesday
2025-07-03,6331.86999,62.86999,Thursday
2025-07-04,5739.04331,50.04331,Friday
2025-07-05,7718.84333,69.84333,Saturday
2025-07-07,8072.09666,97.09666,Monday
2025-07-08,7331.63332,39.63332,Tuesday
2025-07-09,7904.25,96.25,Wednesday
2025-07-10,7743.46332,56.46332,Thursday
2025-07-11,6535.44332,59.44332,Friday
2025-07-12,8542.47332,117.47332,Saturday
2025-07-14,7381.01666,96.01666,Monday
2025-07-15,7821.11665,75.11665,Tuesday
2025-07-16,8020.69665,76.69665,Wednesday
2025-07-17,7881.6433,59.643299999999996,Thursday
2025-07-18,8001.19998,62.199980000000004,Friday
2025-07-19,8426.66665,101.66665,Saturday
2025-07-21,7065.69332,62.69332,Monday
2025-07-22,8917.63332,74.63332,Tuesday
2025-07-23,10667.529989999999,91.52999,Wednesday
2025-07-24,8538.14666,81.14666,Thursday
2025-07-25,8859.06,63.06,Friday
2025-07-26,10700.74999,85.74999,Saturday
2025-07-27,6921.42665,141.42665,Sunday
2025-07-28,5803.38666,60.38666,Monday
2025-07-30,8623.91665,67.91665,Wednesday
2025-07-31,11217.69998,82.69998,Thursday
2025-08-01,5814.5,51.5,Friday
2025-08-02,8390.16494,145.16494,Saturday
2025-08-04,6614.40333,94.40333,Monday
2025-08-05,7115.79332,59.79332,Tuesday
2025-08-06,8908.11333,104.11333,Wednesday
2025-08-07,8961.18,89.18,Thursday
2025-08-08,6526.78998,69.78998,Friday
2025-08-09,7719.4533,100.4533,Saturday
2025-08-11,7837.2,109.2,Monday
2025-08-12,8502.15664,90.15664,Tuesday
2025-08-13,10226.96332,96.96332,Wednesday
2025-08-14,6363.40999,67.40999000000001,Thursday
2025-08-15,6357.10331,84.10331,Friday
2025-08-16,7786.34332,130.34332,Saturday
2025-08-18,8879.81665,88.81665,Monday
2025-08-19,7399.41331,97.41331,Tuesday
2025-08-20,10667.90666,106.90666,Wednesday
2025-08-21,6978.59333,41.59333,Thursday
2025-08-22,7357.28666,51.28666,Friday
2025-08-23,8098.25332,86.25332,Saturday
2025-08-24,6720.74662,118.74662000000001,Sunday
2025-08-25,5632.37,41.37,Monday
2025-08-26,7536.75998,76.75998,Tuesday
2025-08-27,5358.73666,50.73666,Wednesday
2025-08-28,6821.31665,59.31665,Thursday
2025-08-29,7736.19332,63.19332,Friday
2025-08-30,9891.2933,71.2933,Saturday
2025-08-31,6164.09999,87.09999,Sunday
2025-09-02,4687.15333,39.153330000000004,Tuesday
2025-09-03,5351.97332,43.97332,Wednesday
2025-09-04,5510.0333200000005,42.03332,Thursday
2025-09-05,5543.0,21.0,Friday
2025-09-06,6401.08,45.08,Saturday
2025-09-08,6527.56332,50.56332,Monday
2025-09-09,5439.21998,58.21998,Tuesday
2025-09-10,8670.56666,80.56666,Wednesday
2025-09-11,10468.69332,68.69332,Thursday
2025-09-12,5838.84999,66.84999,Friday
2025-09-13,6850.18332,74.18332,Saturday
2025-09-15,7429.35665,90.35665,Monday
2025-09-16,8932.75998,56.75998,Tuesday
2025-09-17,6969.84331,63.84331,Wednesday
2025-09-18,9015.09999,63.09999,Thursday
2025-09-19,6524.84331,78.84331,Friday
2025-09-20,8695.02665,79.02665,Saturday
2025-09-22,8328.71999,118.72003000000001,Monday
2025-09-23,6671.57666,93.57666,Tuesday
2025-09-24,9320.07163,82.07163,Wednesday
2025-09-25,6787.65666,73.65666,Thursday
2025-09-26,7568.76999,64.76998999999999,Friday
2025-09-27,8591.33,63.33,Saturday
2025-09-28,8038.78663,93.78663,Sunday
2025-09-29,6468.31665,40.31665,Monday
2025-09-30,9125.0,18.0,Tuesday
2025-10-01,3170.31333,33.31333,Wednesday
2025-10-02,10370.61666,19.61666,Thursday
2025-10-03,7082.61996,111.61996,Friday
2025-10-04,7733.96995,58.96995,Saturday
2025-10-06,15384.71999,86.71999,Monday
2025-10-07,6743.5333,84.5333,Tuesday
2025-10-08,7591.34997,114.34997,Wednesday
2025-10-09,7586.29333,43.29333,Thursday
2025-10-10,5834.56663,60.56663,Friday
2025-10-11,10754.94999,68.94999,Saturday
2025-10-13,7632.35331,50.35331,Monday
2025-10-14,7372.3133,85.3133,Tuesday
2025-10-15,7782.16662,66.16662,Wednesday
2025-10-16,9235.8733,53.8733,Thursday
2025-10-17,7177.27665,76.27665,Friday
2025-10-18,10700.8066,135.8066,Saturday
2025-10-20,10077.88331,89.88331,Monday
2025-10-21,7246.1133,91.1133,Tuesday
2025-10-22,7515.51663,102.51663,Wednesday
2025-10-23,6895.54665,63.54665,Thursday
2025-10-24,6319.56666,54.56666,Friday
2025-10-25,7677.39332,64.39332,Saturday
2025-10-27,8123.69664,66.69664,Monday
2025-10-28,7031.27664,62.27664,Tuesday
2025-10-29,9581.93664,57.93664,Wednesday
2025-10-30,8114.63663,62.63663,Thursday
2025-10-31,8228.25998,66.25998,Friday
2025-11-01,6217.46664,103.46664,Saturday
2025-11-03,5652.28333,67.28333,Monday
2025-11-04,6695.2333,67.2333,Tuesday
2025-11-05,8715.64665,87.64665,Wednesday
2025-11-06,11565.25,51.25,Thursday
2025-11-07,7714.48333,53.48333,Friday
2025-11-08,9320.37999,84.37998999999999,Saturday
2025-11-10,7884.5,98.5,Monday
2025-11-11,7715.76666,74.76666,Tuesday
2025-11-12,8926.48332,65.48332,Wednesday
2025-11-13,6570.59999,44.59999,Thursday
2025-11-14,7136.31666,47.31666,Friday
2025-11-15,9035.33332,87.33332,Saturday
2025-11-17,8353.81333,85.81333000000001,Monday
2025-11-18,6941.86666,51.86666,Tuesday
2025-11-19,8122.53333,75.53333,Wednesday
2025-11-20,9386.15999,66.15999,Thursday
2025-11-21,7974.83333,69.83333,Friday
2025-11-22,11543.41664,87.41664,Saturday
2025-11-24,12705.8,58.8,Monday
2025-11-25,10351.78333,79.78333,Tuesday
2025-11-26,12013.80999,193.80999,Wednesday
2025-11-27,10279.19665,98.19666000000001,Thursday
2025-11-28,9670.31665,89.31665,Friday
2025-11-29,11571.32999,83.32999,Saturday
2025-11-30,12678.96331,127.96331,Sunday
2025-12-02,6112.03333,77.03333,Tuesday
2025-12-03,7836.08333,92.08333,Wednesday
2025-12-04,9311.0,46.0,Thursday
2025-12-05,7412.23332,59.23332,Friday
2025-12-06,8723.26665,86.26665,Saturday
2025-12-08,7828.99999,105.99999,Monday
2025-12-09,7476.2,80.2,Tuesday
2025-12-10,12347.09333,66.09333,Wednesday
2025-12-11,10835.03333,38.03333,Thursday
2025-12-12,10515.59333,85.59333,Friday
2025-12-13,11636.0,94.0,Saturday
2025-12-14,9335.14999,119.14999,Sunday
2025-12-15,9053.70332,82.70332,Monday
2025-12-16,10384.06666,79.06666,Tuesday
2025-12-17,10778.06666,77.06666,Wednesday
2025-12-18,7528.30999,112.30999,Thursday
2025-12-19,11651.31,92.31,Friday
2025-12-20,9907.73333,87.73333,Saturday
2025-12-21,9344.27998,142.27998,Sunday
2025-12-22,12651.86333,121.86333,Monday
2025-12-23,16336.16665,74.16665,Tuesday
2025-12-24,9273.82666,108.82666,Wednesday
2025-12-26,10274.99333,96.99333,Friday
2025-12-27,8709.29666,123.2967,Saturday
2025-12-28,10107.14999,84.14999,Sunday
2025-12-29,10147.77665,401.77669000000003,Monday
2025-12-30,8356.09666,43.09666,Tuesday
2025-12-31,17922.8,52.8,Wednesday
