fecha_reparto,Real,Predicción
2024-01-02,6912.758333295,11351.94921875
2024-01-03,7231.408333293,13784.11328125
2024-01-04,9162.391666619,14608.9716796875
2024-01-05,10188.858333293,11982.40234375
2024-01-06,9377.499999959,11826.8818359375
2024-01-07,14835.09999993,13643.134765625
2024-01-09,14937.366666613,12035.578125
2024-01-10,8763.441666638,12186.6337890625
2024-01-11,10513.416666647,12245.1279296875
2024-01-12,8735.04999998,13830.443359375
2024-01-13,11261.291666637,11168.892578125
2024-01-14,11925.358333321,13530.3486328125
2024-01-16,9127.641666642001,11022.3017578125
2024-01-17,10450.149999978,13335.474609375
2024-01-18,10616.058333332,11303.8173828125
2024-01-19,10137.849999978,14401.7890625
2024-01-20,10870.249999964,11629.244140625
2024-01-21,10797.833333266999,13521.6796875
2024-01-23,8808.449999952,11485.8544921875
2024-01-24,10125.366666606,14055.6826171875
2024-01-25,11971.116666631,13579.2744140625
2024-01-26,8938.174999962,13272.544921875
2024-01-27,12337.608333267,11038.365234375
2024-01-28,13912.958333277,13745.943359375
2024-01-30,11124.366666572,12579.6494140625
2024-01-31,12277.183333276,13015.361328125
2024-02-01,9409.166666627,12572.8076171875
2024-02-02,8504.624999987,14367.916015625
2024-02-03,8566.808333295,10897.00390625
2024-02-04,11819.333333289,13536.5830078125
2024-02-06,10088.483333313,9653.2158203125
2024-02-07,10520.333333253,9773.9775390625
2024-02-08,13845.883333286,10885.435546875
2024-02-09,11998.624999907,9140.41796875
2024-02-10,15513.758333296,11433.7412109375
2024-02-11,14137.666666613,11237.3701171875
2024-02-13,8787.67499997,11083.7744140625
2024-02-14,13162.04999994,11211.1044921875
2024-02-15,12889.399999975,11720.8408203125
2024-02-16,10856.574999923,9410.2841796875
2024-02-17,11372.483333275,10810.0625
2024-02-18,13074.43333331,12958.3349609375
2024-02-20,9810.716666587,11193.0908203125
2024-02-21,12502.249999954,11870.533203125
2024-02-22,16331.399999939,10908.8759765625
2024-02-23,13274.441666618,9381.3974609375
2024-02-24,15841.65833326,11539.1533203125
2024-02-25,15713.441666571,12391.88671875
2024-02-27,12312.574999923,12002.3154296875
2024-02-28,14103.708333241,12200.3037109375
2024-03-01,10742.916666661,12428.453125
2024-03-02,10174.091666631,11506.728515625
2024-03-03,10202.199999987,11676.1650390625
2024-03-04,12381.816666651,12504.943359375
2024-03-06,9585.633333301,11894.5634765625
2024-03-07,16067.891666642,11779.3857421875
2024-03-08,18501.591666647,11691.8154296875
2024-03-09,13342.250000013999,10129.0068359375
2024-03-10,14272.474999976,11966.82421875
2024-03-11,15093.833333319,13535.0185546875
2024-03-13,10750.441666629,11044.6416015625
2024-03-14,14170.633333299,13894.603515625
2024-03-15,9940.791666646,14070.267578125
2024-03-16,12644.349999961,12786.6123046875
2024-03-17,20155.616666586,13316.9931640625
2024-03-18,16461.024999946,13644.5537109375
2024-03-20,21265.941666607,12364.9912109375
2024-03-21,13950.249999984,14442.9892578125
2024-03-22,13330.458333286,16385.328125
2024-03-23,10642.699999974,11177.3173828125
2024-03-24,12869.566666585,11832.8798828125
2024-03-25,13092.749999958,13235.7626953125
2024-03-27,9006.066666661,12144.2294921875
2024-03-28,17560.333333342,14285.9140625
2024-03-29,15532.84999997,13973.005859375
2024-03-30,12915.483333343,12799.810546875
2024-03-31,12785.874999974,12047.0458984375
2024-04-01,11648.29166665,13718.888671875
2024-04-03,9293.67499999,10490.6875
2024-04-04,13220.083333324,11659.38671875
2024-04-05,18407.591666617,13180.271484375
2024-04-06,12492.308333304,13215.9013671875
2024-04-08,18682.333333312,12975.791015625
2024-04-10,18505.408333307,14659.64453125
2024-04-11,17921.391666637,12626.1884765625
2024-04-12,19602.166666622,13562.828125
2024-04-13,13616.166666616,14425.4755859375
2024-04-14,13463.366666617,10618.4052734375
2024-04-15,16814.499999957,10884.8388671875
2024-04-17,9594.549999961,13002.90625
2024-04-18,12785.233333331,10571.4482421875
2024-04-19,14694.208333271,12070.8857421875
2024-04-20,13201.966666641,19148.533203125
2024-04-21,15055.449999969,13740.982421875
2024-04-22,15573.199999962,20078.212890625
2024-04-24,10115.5583333,16497.400390625
2024-04-25,11201.049999968,16476.595703125
2024-04-26,15542.574999963,17420.357421875
2024-04-27,11103.491666616,14259.849609375
2024-04-28,12751.291666554,12771.9677734375
2024-04-29,13135.174999951,12658.572265625
2024-05-02,9691.883333328,13285.6484375
2024-05-03,12257.866666676,12570.6708984375
2024-05-04,12000.949999983,13822.6669921875
2024-05-05,19213.09166661,18542.880859375
2024-05-06,16497.741666641,13409.8740234375
2024-05-08,13493.908333277,19911.939453125
2024-05-09,11910.233333263,11013.8046875
2024-05-10,12499.816666663,11862.5693359375
2024-05-11,9879.591666661,12660.3896484375
2024-05-12,12151.991666659,13607.1396484375
2024-05-13,13842.991666662,13835.7021484375
2024-05-15,8664.699999984,13560.5478515625
2024-05-16,11739.374999989,12293.375
2024-05-17,12266.549999964,12007.2822265625
2024-05-18,9196.966666627999,12175.6005859375
2024-05-19,11853.691666675,18343.12890625
2024-05-20,12429.783333324,13089.74609375
2024-05-22,9877.366666667,19451.599609375
2024-05-23,10746.416666656,13055.021484375
2024-05-24,12766.741666665,13641.0615234375
2024-05-25,9799.916666654999,11633.66796875
2024-05-26,10401.599999982,13927.0478515625
2024-05-27,12062.199999978,13496.3056640625
2024-05-29,7990.474999992,11870.6572265625
2024-05-30,9377.716666643,12109.4794921875
2024-05-31,9465.149999994,12865.328125
2024-06-01,7142.566666666,11816.2158203125
2024-06-02,8624.824999995,12550.7734375
2024-06-03,9917.708333332,13201.1044921875
2024-06-05,7771.599999992,11676.7216796875
2024-06-06,9524.049999981,12036.408203125
2024-06-07,13792.766666644,13169.3828125
2024-06-08,13546.841666637,11710.6357421875
2024-06-09,11894.149999976,13432.8896484375
2024-06-10,12223.274999975,14166.1884765625
2024-06-12,11193.541666639,11664.6708984375
2024-06-13,10989.866666652,12035.646484375
2024-06-14,13316.51666663,13358.0048828125
2024-06-15,9023.841666659,11884.392578125
2024-06-16,9020.908333327001,14770.5908203125
2024-06-17,11616.024999994,13533.462890625
2024-06-19,7969.158333322,13521.5986328125
2024-06-20,9583.933333275,13493.953125
2024-06-21,10522.908333312,14172.16015625
2024-06-22,9862.191666639,11460.181640625
2024-06-23,7883.533333313,14456.9453125
2024-06-24,11216.666666652,13055.7578125
2024-06-26,7009.84999998,11063.2841796875
2024-06-27,10859.749999985,12757.7080078125
2024-06-28,14287.724999978,13168.396484375
2024-06-29,9553.341666646,9901.5322265625
2024-06-30,8217.041666651,11334.03515625
2024-07-01,7997.583333332,11549.4384765625
2024-07-03,7246.149999998,10894.412109375
2024-07-04,8983.766666655,10307.0244140625
2024-07-05,10525.900000001,10590.5224609375
2024-07-06,8141.591666673,9677.3642578125
2024-07-07,11525.991666669,10206.3798828125
2024-07-08,14319.508333337,11240.615234375
2024-07-10,9959.15,9188.4814453125
2024-07-11,10537.608333328,10818.234375
2024-07-12,10360.116666663,12362.568359375
2024-07-13,9779.224999991,10892.466796875
2024-07-14,8662.941666658,11858.85546875
2024-07-15,10520.224999991,12139.544921875
2024-07-17,7191.983333323,11229.439453125
2024-07-18,9861.983333315,11158.8017578125
2024-07-19,13152.833333309,12805.615234375
2024-07-20,11711.716666641,10706.6923828125
2024-07-21,9460.633333312,11490.5546875
2024-07-22,11283.249999985,12159.171875
2024-07-24,8172.091666586,10881.2783203125
2024-07-25,12014.658333312,11120.275390625
2024-07-26,14587.008333285,11859.86328125
2024-07-27,14458.69166664,10890.7744140625
2024-07-28,10492.624999997,12421.7744140625
2024-07-31,13249.458333312,13418.20703125
2024-08-01,8405.858333336,13431.9833984375
2024-08-02,8347.391666659,12561.6611328125
2024-08-03,9770.758333335,10439.31640625
2024-08-04,11086.874999993,9861.7724609375
2024-08-05,10954.358333327,10624.06640625
2024-08-07,12812.924999994,12037.8876953125
2024-08-08,8485.675,9723.0830078125
2024-08-09,11189.250000009,11919.1044921875
2024-08-10,8088.633333343,13331.291015625
2024-08-11,8833.741666678001,12402.4677734375
2024-08-12,9764.841666672,11689.7978515625
2024-08-14,6518.008333334,11897.7177734375
2024-08-15,7838.649999994,10971.302734375
2024-08-16,11339.966666664,12155.4892578125
2024-08-17,9084.65,12913.5361328125
2024-08-18,9961.475000009,11693.6005859375
2024-08-19,10164.491666672,11110.021484375
2024-08-21,8349.99166666,12491.4794921875
2024-08-22,8353.333333295,10509.96484375
2024-08-23,9352.574999971,11301.5810546875
2024-08-24,10387.941666647,12316.7724609375
2024-08-25,8668.274999986,12345.1201171875
2024-08-26,10020.974999984,12604.876953125
2024-08-28,8484.93333332,15141.4775390625
2024-08-29,9898.866666664,13018.8740234375
2024-08-30,11498.49999998,14412.421875
2024-08-31,10130.416666654,14398.099609375
2024-09-01,6466.15,14075.0625
2024-09-02,7849.18,12000.16796875
2024-09-04,7012.03,12476.439453125
2024-09-05,8015.79,12145.5830078125
2024-09-06,10754.17,12941.93359375
2024-09-07,8981.8,8475.4619140625
2024-09-08,9871.550000000001,9270.025390625
2024-09-09,9941.84,10353.4736328125
2024-09-11,7835.33,8413.4990234375
2024-09-12,8091.82,8000.8212890625
2024-09-13,9521.67,9927.685546875
2024-09-14,8557.24,8683.53515625
2024-09-15,8465.87,8443.75390625
2024-09-16,9821.76,9778.205078125
2024-09-18,8216.87,8006.9658203125
2024-09-19,9762.3,9083.9521484375
2024-09-20,9060.63,10146.5205078125
2024-09-21,9178.88,8893.6142578125
2024-09-22,8377.02,8407.1455078125
2024-09-23,10258.92,9184.103515625
2024-09-25,7429.43,8156.88037109375
2024-09-26,11776.14,8859.7734375
2024-09-27,9220.67,10095.67578125
2024-09-28,9579.13,9375.0517578125
2024-09-29,10142.58,9235.2265625
2024-09-30,12127.0,8977.90625
2024-10-01,7418.46666666,8070.8056640625
2024-10-03,6488.283333356,8321.5537109375
2024-10-04,7314.025000002,9614.3935546875
2024-10-05,8521.016666672,8633.8818359375
2024-10-06,6683.333333326,8791.388671875
2024-10-07,11286.416666629,9419.763671875
2024-10-08,12522.574999954,8477.453125
2024-10-10,9634.566666628,8442.2109375
2024-10-11,8144.808333303,9688.91796875
2024-10-12,8342.524999965,7927.38232421875
2024-10-13,8064.633333305,8033.404296875
2024-10-14,10829.708333331,10476.041015625
2024-10-15,9548.100000021,8702.6474609375
2024-10-17,6976.791666689,10240.109375
2024-10-18,7811.008333277,8887.82421875
2024-10-19,11795.099999966,8938.990234375
2024-10-20,8945.141666634,8754.0595703125
2024-10-21,11647.008333321999,11032.29296875
2024-10-22,10298.866666656,10155.0693359375
2024-10-24,7257.108333338,10993.244140625
2024-10-25,8540.15000001,9348.685546875
2024-10-26,11143.258333272,9187.5517578125
2024-10-27,8224.724999966,9155.658203125
2024-10-28,11285.374999922,11584.5185546875
2024-10-29,10289.90833326,10986.01171875
2024-10-31,8151.766666581,9815.8828125
2024-11-01,7471.59,8632.6015625
2024-11-02,6483.69,8348.2578125
2024-11-03,7532.78,8034.0703125
2024-11-04,8564.47,9835.85546875
2024-11-06,7124.61,10307.09765625
2024-11-07,7866.47,11309.6494140625
2024-11-08,12641.24,10062.1640625
2024-11-09,8790.7,8440.6474609375
2024-11-10,11254.039999999999,8516.4599609375
2024-11-11,11313.73,10373.55078125
2024-11-12,8508.93,9811.658203125
2024-11-13,10314.05,10509.962890625
2024-11-14,11013.63,8792.759765625
2024-11-15,10354.62,10657.1044921875
2024-11-16,8921.91,9085.9130859375
2024-11-17,7702.1,10057.8564453125
2024-11-20,7658.44,8698.90625
2024-11-21,9150.26,8393.9384765625
2024-11-22,10751.99,9171.9208984375
2024-11-23,9107.2,9507.0380859375
2024-11-24,9365.460000000001,10256.306640625
2024-11-25,10358.12,12226.4453125
2024-11-26,7159.94,10038.5859375
2024-11-27,7364.06,9899.4892578125
2024-11-28,10205.36,10303.8984375
2024-11-29,7686.85,9748.94921875
2024-11-30,9497.909999992,11182.6416015625
2024-12-01,7491.116666666,11148.8896484375
2024-12-02,5950.01,8919.7919921875
2024-12-04,7117.84,9332.6611328125
2024-12-05,11919.21,11757.2607421875
2024-12-06,9906.53,10035.107421875
2024-12-07,10656.97,10258.6328125
2024-12-08,12007.3,11667.5771484375
2024-12-09,9064.29,10196.6943359375
2024-12-10,8962.03,9675.6376953125
2024-12-11,10269.01,10952.763671875
2024-12-12,8869.81,10528.66015625
2024-12-13,8530.66,11363.0537109375
2024-12-14,11255.539999999999,12468.921875
2024-12-15,7520.6,9891.896484375
2024-12-16,9537.64,9137.2060546875
2024-12-17,10939.81,10160.505859375
2024-12-18,10450.18,9562.2333984375
2024-12-19,10148.8,10096.0888671875
2024-12-20,13994.42,10822.666015625
2024-12-21,12267.44,8896.630859375
2024-12-22,12781.49,8683.212890625
2024-12-23,13386.37,11265.40234375
2024-12-24,9556.94,9867.1533203125
2024-12-26,10388.09,10118.2783203125
2024-12-27,12972.96,10484.6201171875
2024-12-28,12448.58,8440.39453125
2024-12-29,15207.63,7687.4130859375
2024-12-30,13457.916666653,10550.2578125
2024-12-31,13186.683333323,9344.0517578125
2025-01-03,8764.208333328,10501.3671875
2025-01-04,9092.625000014,11893.14453125
2025-01-05,13560.599999976,9220.2626953125
2025-01-06,12218.041666649,9219.2900390625
2025-01-08,11773.98333332,11079.708984375
2025-01-09,14683.641666598,10095.0634765625
2025-01-10,12504.541666709,9586.064453125
2025-01-11,10260.416666641,11560.849609375
2025-01-12,9868.841666639,8890.8232421875
2025-01-13,13226.666666615,8915.775390625
2025-01-15,10078.141666616,11447.712890625
2025-01-16,12736.316666626,9577.3779296875
2025-01-17,11159.133333289,10537.099609375
2025-01-18,11846.083333303,12060.287109375
2025-01-19,10592.86666664,9287.078125
2025-01-20,10996.524999969,8467.74609375
2025-01-22,10246.849999989,11278.53125
2025-01-23,10775.983333311,9993.7109375
2025-01-24,11661.633333292,9465.14453125
2025-01-25,11121.591666606,10421.998046875
2025-01-26,12229.241666634,12228.1396484375
2025-01-27,12811.908333274,14556.001953125
2025-01-29,10672.949999973,12003.046875
2025-01-30,15952.949999965,14990.3154296875
2025-01-31,14921.508333275,12914.2431640625
2025-02-01,10812.39,10588.6923828125
2025-02-02,9385.78,11934.673828125
2025-02-03,10437.06,11848.388671875
2025-02-05,11992.891666678,11028.517578125
2025-02-06,13558.54166662,12789.7763671875
2025-02-07,13981.508333324,12378.5859375
2025-02-08,13876.124999993,12794.888671875
2025-02-09,11545.041666624,11541.8701171875
2025-02-10,13560.649999966,11999.0859375
2025-02-12,13649.208333291,10891.001953125
2025-02-13,13560.62,11928.3837890625
2025-02-14,12695.941666638,12665.720703125
2025-02-15,11032.799999991,13023.9287109375
2025-02-16,12743.091666659,13862.9619140625
2025-02-17,11481.02499996,15572.20703125
2025-02-19,11022.758333318001,13421.0654296875
2025-02-20,14736.291666611,13250.984375
2025-02-21,14882.124999951,12851.796875
2025-02-22,11148.033333284,11090.0361328125
2025-02-23,11047.83,13382.81640625
2025-02-24,14472.22,13662.3369140625
2025-02-26,11735.858333306,12628.5732421875
2025-02-27,14133.641666295,14518.6904296875
2025-02-28,25406.57499993,13326.568359375
2025-03-01,8135.758333305,13894.123046875
2025-03-02,9034.649999964,11121.8076171875
2025-03-04,8665.541666646,12396.1796875
2025-03-05,12754.883333314,12753.701171875
2025-03-06,13962.29999997,12934.9873046875
2025-03-07,12517.866666656,14114.818359375
2025-03-08,10600.875,10484.921875
2025-03-09,12815.191666649,12294.4580078125
2025-03-11,8914.62,11286.654296875
2025-03-12,11222.17,11941.296875
2025-03-13,12825.960000000001,12555.796875
2025-03-14,12573.59,13425.4404296875
2025-03-15,9172.775000008,12089.0224609375
2025-03-16,10090.074999971,11688.86328125
2025-03-18,8961.866666659,13074.9794921875
2025-03-19,8682.808333292,11711.6630859375
2025-03-20,10210.916666632,14878.416015625
2025-03-21,9469.224999984,12466.76171875
2025-03-22,7513.808333333,13906.494140625
2025-03-23,10449.92499997,11417.2744140625
2025-03-24,7767.716666666,13239.0439453125
2025-03-25,9038.966666661,13384.3955078125
2025-03-26,8452.041666649,14033.625
2025-03-27,12213.716666655,14245.443359375
2025-03-28,8772.166666697,10654.3271484375
2025-03-30,11245.900000025,13739.86328125
2025-03-31,9516.424999992,11411.4033203125
2025-04-02,9970.591666651,13622.103515625
2025-04-03,10651.583333344,11322.8544921875
2025-04-04,9028.466666664,10715.794921875
2025-04-05,10675.349999992,8558.3173828125
2025-04-06,14910.674999982,10506.2587890625
2025-04-08,11233.933333318,8594.7255859375
2025-04-09,8719.15833331,9284.037109375
2025-04-10,10273.116666638,9795.9052734375
2025-04-11,8330.349999978,11078.82421875
2025-04-12,8445.88333332,9026.3310546875
2025-04-13,10478.041666657,11413.0791015625
2025-04-15,7214.816666658,10257.765625
2025-04-16,9614.45833332,9192.572265625
2025-04-17,9319.666666645,10445.927734375
2025-04-18,7639.549999978,10544.9267578125
2025-04-19,8468.991666633,8664.1796875
2025-04-20,12029.466666635,10630.5126953125
2025-04-22,7977.358333296,9312.3515625
2025-04-23,9553.899999961,9344.431640625
2025-04-24,9835.466666633,10312.7158203125
2025-04-25,8334.533333251,11218.24609375
2025-04-26,8123.183333246,9125.658203125
2025-04-27,10935.799999999,11412.5615234375
2025-04-28,8967.899999991,9804.837890625
2025-04-29,8884.325000017,8993.0478515625
2025-04-30,9641.241666643,11198.2578125
2025-05-02,5988.06,11359.765625
2025-05-03,7374.85,9345.6220703125
2025-05-04,8165.44,10801.2685546875
2025-05-06,7909.1,9885.0810546875
2025-05-07,8634.541666662,8844.693359375
2025-05-08,9115.691666677,10019.2109375
2025-05-09,8118.783333334,8777.392578125
2025-05-10,8831.833333319,9047.5185546875
2025-05-11,11817.299999975,10231.4658203125
2025-05-13,7540.441666649,8099.6201171875
2025-05-15,9329.983333332,9850.521484375
2025-05-16,6820.808333308,8782.013671875
2025-05-17,7213.849999995,7659.69775390625
2025-05-18,8448.666666643,8831.6826171875
2025-05-20,6575.216666643,10474.2490234375
2025-05-21,7252.0916666680005,8443.5986328125
2025-05-22,8794.899999978,8781.8720703125
2025-05-23,6983.724999962,9497.9794921875
2025-05-24,6746.783333291,8457.4287109375
2025-05-25,9371.766666626,8458.3740234375
2025-05-26,6400.974999939,9535.326171875
2025-05-27,8049.291666607,9751.65234375
2025-05-28,6419.349999987,9579.671875
2025-05-29,8182.308333324,9149.5595703125
2025-05-30,8810.008333363001,8168.9833984375
2025-05-31,12075.14,8017.05419921875
2025-06-01,2776.916666667,9185.1953125
2025-06-02,58.34,8380.794921875
2025-06-03,6166.704999969,9102.7734375
2025-06-04,7778.334999973,8985.3525390625
2025-06-05,7282.663333331,8254.1064453125
2025-06-06,8062.680000011,8483.572265625
2025-06-07,14589.413333331999,9823.76953125
2025-06-08,7908.68333335,8492.0107421875
2025-06-09,7511.62,9477.3193359375
2025-06-10,6512.86,8895.3837890625
2025-06-11,7721.45,9124.3173828125
2025-06-12,9493.56,9932.2646484375
2025-06-13,7211.59,8946.8720703125
2025-06-14,9846.48,8918.8251953125
2025-06-16,12715.79,8111.078125
2025-06-17,6132.6,8822.1533203125
2025-06-18,7343.44,8171.16259765625
2025-06-19,6725.5,10322.9853515625
2025-06-20,6186.37,10163.1796875
2025-06-21,8545.74,8414.1064453125
2025-06-23,9150.59,7563.185546875
2025-06-24,8484.31,9818.2919921875
2025-06-25,11813.08,9903.0712890625
2025-06-26,10128.23,11371.595703125
2025-06-27,6804.0,9679.12890625
2025-06-28,14218.72,8997.4296875
2025-06-30,10721.14,8715.791015625
2025-07-01,4773.05665,8582.08984375
2025-07-02,7007.92332,7965.3291015625
2025-07-03,6331.86999,8658.544921875
2025-07-04,5739.04331,9867.5283203125
2025-07-05,7718.84333,8506.484375
2025-07-07,8072.09666,8028.27294921875
2025-07-08,7331.63332,8196.1650390625
2025-07-09,7904.25,7958.283203125
2025-07-10,7743.46332,10154.9755859375
2025-07-11,6535.44332,9409.048828125
2025-07-12,8542.47332,8467.3466796875
2025-07-14,7381.01666,8334.4931640625
2025-07-15,7821.11665,9440.0703125
2025-07-16,8020.69665,10629.6201171875
2025-07-17,7881.6433,7647.31787109375
2025-07-18,8001.19998,7719.7626953125
2025-07-19,8426.66665,8979.5849609375
2025-07-21,7065.69332,8717.6357421875
2025-07-22,8917.63332,8792.96875
2025-07-23,10667.529989999999,10054.7490234375
2025-07-24,8538.14666,7985.52392578125
2025-07-25,8859.06,9592.55859375
2025-07-26,10700.74999,9871.8173828125
2025-07-27,6921.42665,9437.78125
2025-07-28,5803.38666,10047.3212890625
2025-07-30,8623.91665,9068.099609375
2025-07-31,11217.69998,8047.740234375
2025-08-01,5814.5,8831.0986328125
2025-08-02,8390.16494,8808.7587890625
2025-08-04,6614.40333,8330.81640625
2025-08-05,7115.79332,9048.5576171875
2025-08-06,8908.11333,9230.2421875
2025-08-07,8961.18,8780.9912109375
2025-08-08,6526.78998,8735.384765625
2025-08-09,7719.4533,8423.119140625
2025-08-11,7837.2,7989.236328125
2025-08-12,8502.15664,8825.8408203125
2025-08-13,10226.96332,9524.20703125
2025-08-14,6363.40999,8302.6337890625
2025-08-15,6357.10331,8960.734375
2025-08-16,7786.34332,8911.6875
2025-08-18,8879.81665,8421.166015625
2025-08-19,7399.41331,8473.296875
2025-08-20,10667.90666,9427.8115234375
2025-08-21,6978.59333,9694.1943359375
2025-08-22,7357.28666,9354.3583984375
2025-08-23,8098.25332,9425.107421875
2025-08-24,6720.74662,8197.8671875
2025-08-25,5632.37,9756.9453125
2025-08-26,7536.75998,9551.7119140625
2025-08-27,5358.73666,8767.8759765625
2025-08-28,6821.31665,8857.84375
2025-08-29,7736.19332,8923.0947265625
2025-08-30,9891.2933,7977.40625
2025-08-31,6164.09999,8912.45703125
2025-09-02,4687.15333,9476.5341796875
2025-09-03,5351.97332,8778.4521484375
2025-09-04,5510.0333200000005,8594.2841796875
2025-09-05,5543.0,8467.537109375
2025-09-06,6401.08,8800.271484375
2025-09-08,6527.56332,9357.9580078125
2025-09-09,5439.21998,9778.7578125
2025-09-10,8670.56666,9294.1005859375
2025-09-11,10468.69332,8389.53515625
2025-09-12,5838.84999,8417.08203125
2025-09-13,6850.18332,8353.4580078125
2025-09-15,7429.35665,8890.5771484375
2025-09-16,8932.75998,8865.6396484375
2025-09-17,6969.84331,8597.841796875
2025-09-18,9015.09999,8372.4365234375
2025-09-19,6524.84331,8448.8720703125
2025-09-20,8695.02665,8364.7353515625
2025-09-22,8328.71999,8834.2587890625
2025-09-23,6671.57666,8118.36328125
2025-09-24,9320.07163,9354.6015625
2025-09-25,6787.65666,9846.380859375
2025-09-26,7568.76999,9447.4970703125
2025-09-27,8591.33,9741.80859375
2025-09-28,8038.78663,10394.75
2025-09-29,6468.31665,9344.7490234375
2025-09-30,9125.0,9444.9482421875
2025-10-01,3170.31333,9503.76953125
2025-10-02,10370.61666,9534.3095703125
2025-10-03,7082.61996,8862.3740234375
2025-10-04,7733.96995,8253.4658203125
2025-10-06,15384.71999,9516.248046875
2025-10-07,6743.5333,9801.927734375
2025-10-08,7591.34997,10807.3447265625
2025-10-09,7586.29333,9770.1103515625
2025-10-10,5834.56663,8862.0947265625
2025-10-11,10754.94999,8722.28515625
2025-10-13,7632.35331,9182.6298828125
2025-10-14,7372.3133,8808.2802734375
2025-10-15,7782.16662,9035.5703125
2025-10-16,9235.8733,8311.849609375
2025-10-17,7177.27665,8955.5087890625
2025-10-18,10700.8066,9482.2197265625
2025-10-20,10077.88331,8718.8408203125
2025-10-21,7246.1133,8426.0361328125
2025-10-22,7515.51663,9809.349609375
2025-10-23,6895.54665,9253.939453125
2025-10-24,6319.56666,8827.1875
2025-10-25,7677.39332,9874.4560546875
2025-10-27,8123.69664,8063.52490234375
2025-10-28,7031.27664,7696.51123046875
2025-10-29,9581.93664,9067.384765625
2025-10-30,8114.63663,8117.1064453125
2025-10-31,8228.25998,8454.6904296875
2025-11-01,6217.46664,10131.4169921875
2025-11-03,5652.28333,9162.478515625
2025-11-04,6695.2333,9561.58203125
2025-11-05,8715.64665,9199.990234375
2025-11-06,11565.25,7159.62353515625
2025-11-07,7714.48333,8131.81982421875
2025-11-08,9320.37999,10082.072265625
2025-11-10,7884.5,8187.06005859375
2025-11-11,7715.76666,8862.7197265625
2025-11-12,8926.48332,8997.1259765625
2025-11-13,6570.59999,8285.7392578125
2025-11-14,7136.31666,8544.5966796875
2025-11-15,9035.33332,10117.203125
2025-11-17,8353.81333,9039.0048828125
2025-11-18,6941.86666,9295.8251953125
2025-11-19,8122.53333,8378.62109375
2025-11-20,9386.15999,7219.732421875
2025-11-21,7974.83333,8156.12353515625
2025-11-22,11543.41664,9648.55859375
2025-11-24,12705.8,8522.3046875
2025-11-25,10351.78333,9155.6005859375
2025-11-26,12013.80999,8779.6220703125
2025-11-27,10279.19665,8416.2412109375
2025-11-28,9670.31665,8391.529296875
2025-11-29,11571.32999,9322.421875
2025-11-30,12678.96331,7917.4404296875
2025-12-02,6112.03333,7799.91015625
2025-12-03,7836.08333,8959.755859375
2025-12-04,9311.0,9819.109375
2025-12-05,7412.23332,9030.6357421875
2025-12-06,8723.26665,11042.248046875
2025-12-08,7828.99999,10589.919921875
2025-12-09,7476.2,9119.748046875
2025-12-10,12347.09333,9946.6435546875
2025-12-11,10835.03333,9409.302734375
2025-12-12,10515.59333,9090.009765625
2025-12-13,11636.0,10292.080078125
2025-12-14,9335.14999,9487.8291015625
2025-12-15,9053.70332,9111.359375
2025-12-16,10384.06666,10819.0703125
2025-12-17,10778.06666,10290.0078125
2025-12-18,7528.30999,9246.677734375
2025-12-19,11651.31,10539.14453125
2025-12-20,9907.73333,11151.8779296875
2025-12-21,9344.27998,9192.95703125
2025-12-22,12651.86333,10784.5986328125
2025-12-23,16336.16665,9564.5625
2025-12-24,9273.82666,9215.9248046875
2025-12-26,10274.99333,10559.62890625
2025-12-27,8709.29666,9651.005859375
2025-12-28,10107.14999,8605.3837890625
2025-12-29,10147.77665,9140.4326171875
2025-12-30,8356.09666,9495.19140625
2025-12-31,17922.8,8571.0888671875
